Yd,timestep
-3.000000000000000000e+00,0.000000000000000000e+00
-3.000000000000000000e+00,1.000000000000000000e+00
-3.000000000000000000e+00,2.000000000000000000e+00
-3.000000000000000000e+00,3.000000000000000000e+00
-3.000000000000000000e+00,4.000000000000000000e+00
-3.000000000000000000e+00,5.000000000000000000e+00
-3.000000000000000000e+00,6.000000000000000000e+00
-3.000000000000000000e+00,7.000000000000000000e+00
-3.000000000000000000e+00,8.000000000000000000e+00
-3.000000000000000000e+00,9.000000000000000000e+00
-3.000000000000000000e+00,1.000000000000000000e+01
-3.000000000000000000e+00,1.100000000000000000e+01
-3.000000000000000000e+00,1.200000000000000000e+01
-3.000000000000000000e+00,1.300000000000000000e+01
-3.000000000000000000e+00,1.400000000000000000e+01
-3.000000000000000000e+00,1.500000000000000000e+01
-3.000000000000000000e+00,1.600000000000000000e+01
-3.000000000000000000e+00,1.700000000000000000e+01
-3.000000000000000000e+00,1.800000000000000000e+01
-3.000000000000000000e+00,1.900000000000000000e+01
-3.000000000000000000e+00,2.000000000000000000e+01
-3.000000000000000000e+00,2.100000000000000000e+01
-3.000000000000000000e+00,2.200000000000000000e+01
-3.000000000000000000e+00,2.300000000000000000e+01
-3.000000000000000000e+00,2.400000000000000000e+01
-3.000000000000000000e+00,2.500000000000000000e+01
-3.000000000000000000e+00,2.600000000000000000e+01
-3.000000000000000000e+00,2.700000000000000000e+01
-3.000000000000000000e+00,2.800000000000000000e+01
-3.000000000000000000e+00,2.900000000000000000e+01
-3.000000000000000000e+00,3.000000000000000000e+01
-3.000000000000000000e+00,3.100000000000000000e+01
-3.000000000000000000e+00,3.200000000000000000e+01
-3.000000000000000000e+00,3.300000000000000000e+01
-3.000000000000000000e+00,3.400000000000000000e+01
-3.000000000000000000e+00,3.500000000000000000e+01
-3.000000000000000000e+00,3.600000000000000000e+01
-3.000000000000000000e+00,3.700000000000000000e+01
-3.000000000000000000e+00,3.800000000000000000e+01
-3.000000000000000000e+00,3.900000000000000000e+01
-3.000000000000000000e+00,4.000000000000000000e+01
-3.000000000000000000e+00,4.100000000000000000e+01
-3.000000000000000000e+00,4.200000000000000000e+01
-3.000000000000000000e+00,4.300000000000000000e+01
-3.000000000000000000e+00,4.400000000000000000e+01
-3.000000000000000000e+00,4.500000000000000000e+01
-3.000000000000000000e+00,4.600000000000000000e+01
-3.000000000000000000e+00,4.700000000000000000e+01
-3.000000000000000000e+00,4.800000000000000000e+01
-3.000000000000000000e+00,4.900000000000000000e+01
-3.000000000000000000e+00,5.000000000000000000e+01
-3.000000000000000000e+00,5.100000000000000000e+01
-3.000000000000000000e+00,5.200000000000000000e+01
-3.000000000000000000e+00,5.300000000000000000e+01
-3.000000000000000000e+00,5.400000000000000000e+01
-3.000000000000000000e+00,5.500000000000000000e+01
-3.000000000000000000e+00,5.600000000000000000e+01
-3.000000000000000000e+00,5.700000000000000000e+01
-3.000000000000000000e+00,5.800000000000000000e+01
-3.000000000000000000e+00,5.900000000000000000e+01
-3.000000000000000000e+00,6.000000000000000000e+01
-3.000000000000000000e+00,6.100000000000000000e+01
-3.000000000000000000e+00,6.200000000000000000e+01
-3.000000000000000000e+00,6.300000000000000000e+01
-3.000000000000000000e+00,6.400000000000000000e+01
-3.000000000000000000e+00,6.500000000000000000e+01
-3.000000000000000000e+00,6.600000000000000000e+01
-3.000000000000000000e+00,6.700000000000000000e+01
-3.000000000000000000e+00,6.800000000000000000e+01
-3.000000000000000000e+00,6.900000000000000000e+01
-3.000000000000000000e+00,7.000000000000000000e+01
-2.980246782302856445e+00,7.100000000000000000e+01
-2.912013769149780273e+00,7.200000000000000000e+01
-2.809077739715576172e+00,7.300000000000000000e+01
-2.667001724243164062e+00,7.400000000000000000e+01
-2.486064910888671875e+00,7.500000000000000000e+01
-2.266609907150268555e+00,7.600000000000000000e+01
-2.039545059204101562e+00,7.700000000000000000e+01
-1.782729625701904297e+00,7.800000000000000000e+01
-1.496549606323242188e+00,7.900000000000000000e+01
-1.181442379951477051e+00,8.000000000000000000e+01
-8.823750019073486328e-01,8.100000000000000000e+01
-5.143585205078125000e-01,8.200000000000000000e+01
-1.698255538940429688e-01,8.300000000000000000e+01
1.953084468841552734e-01,8.400000000000000000e+01
5.806210041046142578e-01,8.500000000000000000e+01
1.045100212097167969e+00,8.600000000000000000e+01
1.409946918487548828e+00,8.700000000000000000e+01
1.852992534637451172e+00,8.800000000000000000e+01
2.314281463623046875e+00,8.900000000000000000e+01
2.793278694152832031e+00,9.000000000000000000e+01
2.724704742431640625e+00,9.100000000000000000e+01
2.315173149108886719e+00,9.200000000000000000e+01
1.853846549987792969e+00,9.300000000000000000e+01
1.472925186157226562e+00,9.400000000000000000e+01
1.045892715454101562e+00,9.500000000000000000e+01
6.951084136962890625e-01,9.600000000000000000e+01
3.040790557861328125e-01,9.700000000000000000e+01
-1.515007019042968750e-02,9.800000000000000000e+01
-3.193740844726562500e-01,9.900000000000000000e+01
-6.549968719482421875e-01,1.000000000000000000e+02
-9.258384704589843750e-01,1.010000000000000000e+02
-1.180898666381835938e+00,1.020000000000000000e+02
-1.419956207275390625e+00,1.030000000000000000e+02
-1.642810821533203125e+00,1.040000000000000000e+02
-1.882066726684570312e+00,1.050000000000000000e+02
-2.069168090820312500e+00,1.060000000000000000e+02
-2.239507675170898438e+00,1.070000000000000000e+02
-2.392942428588867188e+00,1.080000000000000000e+02
-2.529333114624023438e+00,1.090000000000000000e+02
-2.648569107055664062e+00,1.100000000000000000e+02
-2.750543594360351562e+00,1.110000000000000000e+02
-2.835174560546875000e+00,1.120000000000000000e+02
-2.911891937255859375e+00,1.130000000000000000e+02
-2.958709716796875000e+00,1.140000000000000000e+02
-2.988004684448242188e+00,1.150000000000000000e+02
-2.999750137329101562e+00,1.160000000000000000e+02
-2.999997138977050781e+00,1.170000000000000000e+02
-2.999996900558471680e+00,1.180000000000000000e+02
-2.999996900558471680e+00,1.190000000000000000e+02
-2.999996900558471680e+00,1.200000000000000000e+02
-2.999996662139892578e+00,1.210000000000000000e+02
-2.999996662139892578e+00,1.220000000000000000e+02
-2.999996423721313477e+00,1.230000000000000000e+02
-2.999996423721313477e+00,1.240000000000000000e+02
-2.999996423721313477e+00,1.250000000000000000e+02
-2.999996185302734375e+00,1.260000000000000000e+02
-2.999996185302734375e+00,1.270000000000000000e+02
-2.999995946884155273e+00,1.280000000000000000e+02
-2.999995946884155273e+00,1.290000000000000000e+02
-2.999995946884155273e+00,1.300000000000000000e+02
-2.999995708465576172e+00,1.310000000000000000e+02
-2.999995708465576172e+00,1.320000000000000000e+02
-2.999995470046997070e+00,1.330000000000000000e+02
-2.999995470046997070e+00,1.340000000000000000e+02
-2.999995470046997070e+00,1.350000000000000000e+02
-2.999995231628417969e+00,1.360000000000000000e+02
-2.999995231628417969e+00,1.370000000000000000e+02
-2.999994993209838867e+00,1.380000000000000000e+02
-2.999994993209838867e+00,1.390000000000000000e+02
-2.999994754791259766e+00,1.400000000000000000e+02
-2.999994754791259766e+00,1.410000000000000000e+02
-2.999994516372680664e+00,1.420000000000000000e+02
-2.999994516372680664e+00,1.430000000000000000e+02
-2.999994277954101562e+00,1.440000000000000000e+02
-2.999994277954101562e+00,1.450000000000000000e+02
-2.999994039535522461e+00,1.460000000000000000e+02
-2.999994039535522461e+00,1.470000000000000000e+02
-2.999994039535522461e+00,1.480000000000000000e+02
-2.999993801116943359e+00,1.490000000000000000e+02
-2.999993562698364258e+00,1.500000000000000000e+02
-2.999993562698364258e+00,1.510000000000000000e+02
-2.999993324279785156e+00,1.520000000000000000e+02
-2.999993324279785156e+00,1.530000000000000000e+02
-2.999993085861206055e+00,1.540000000000000000e+02
-2.999993085861206055e+00,1.550000000000000000e+02
-2.999992847442626953e+00,1.560000000000000000e+02
-2.999992847442626953e+00,1.570000000000000000e+02
-2.999992609024047852e+00,1.580000000000000000e+02
-2.999992609024047852e+00,1.590000000000000000e+02
-2.999992370605468750e+00,1.600000000000000000e+02
-2.999992132186889648e+00,1.610000000000000000e+02
-2.999992132186889648e+00,1.620000000000000000e+02
-2.999991893768310547e+00,1.630000000000000000e+02
-2.999991893768310547e+00,1.640000000000000000e+02
-2.999991655349731445e+00,1.650000000000000000e+02
-2.999991416931152344e+00,1.660000000000000000e+02
-2.999991416931152344e+00,1.670000000000000000e+02
-2.999991178512573242e+00,1.680000000000000000e+02
-2.999990940093994141e+00,1.690000000000000000e+02
-2.999990940093994141e+00,1.700000000000000000e+02
-2.999990701675415039e+00,1.710000000000000000e+02
-2.999990463256835938e+00,1.720000000000000000e+02
-2.999990463256835938e+00,1.730000000000000000e+02
-2.999990224838256836e+00,1.740000000000000000e+02
-2.999989986419677734e+00,1.750000000000000000e+02
-2.999989986419677734e+00,1.760000000000000000e+02
-2.999989748001098633e+00,1.770000000000000000e+02
-2.999989509582519531e+00,1.780000000000000000e+02
-2.999989509582519531e+00,1.790000000000000000e+02
-2.999989271163940430e+00,1.800000000000000000e+02
-2.999989032745361328e+00,1.810000000000000000e+02
-2.999988794326782227e+00,1.820000000000000000e+02
-2.999988794326782227e+00,1.830000000000000000e+02
-2.999988555908203125e+00,1.840000000000000000e+02
-2.999988317489624023e+00,1.850000000000000000e+02
-2.999988079071044922e+00,1.860000000000000000e+02
-2.999987840652465820e+00,1.870000000000000000e+02
-2.999987840652465820e+00,1.880000000000000000e+02
-2.999987602233886719e+00,1.890000000000000000e+02
-2.999987363815307617e+00,1.900000000000000000e+02
-2.999987125396728516e+00,1.910000000000000000e+02
-2.999986886978149414e+00,1.920000000000000000e+02
-2.999986886978149414e+00,1.930000000000000000e+02
-2.999986648559570312e+00,1.940000000000000000e+02
-2.999986410140991211e+00,1.950000000000000000e+02
-2.999986171722412109e+00,1.960000000000000000e+02
-2.999985933303833008e+00,1.970000000000000000e+02
-2.999985694885253906e+00,1.980000000000000000e+02
-2.999985694885253906e+00,1.990000000000000000e+02
-2.999985456466674805e+00,2.000000000000000000e+02
-2.999985218048095703e+00,2.010000000000000000e+02
-2.999984979629516602e+00,2.020000000000000000e+02
-2.999984741210937500e+00,2.030000000000000000e+02
-2.999984502792358398e+00,2.040000000000000000e+02
-2.999984264373779297e+00,2.050000000000000000e+02
-2.999984264373779297e+00,2.060000000000000000e+02
-2.999984025955200195e+00,2.070000000000000000e+02
-2.999983787536621094e+00,2.080000000000000000e+02
-2.999983787536621094e+00,2.090000000000000000e+02
-2.999983787536621094e+00,2.100000000000000000e+02
-2.999983787536621094e+00,2.110000000000000000e+02
-2.999983787536621094e+00,2.120000000000000000e+02
-2.999983787536621094e+00,2.130000000000000000e+02
-2.999983787536621094e+00,2.140000000000000000e+02
-2.999983787536621094e+00,2.150000000000000000e+02
-2.999983787536621094e+00,2.160000000000000000e+02
-2.999983787536621094e+00,2.170000000000000000e+02
-2.999983787536621094e+00,2.180000000000000000e+02
-2.999983787536621094e+00,2.190000000000000000e+02
-2.999983787536621094e+00,2.200000000000000000e+02
-2.999983787536621094e+00,2.210000000000000000e+02
-2.999983787536621094e+00,2.220000000000000000e+02
-2.999983787536621094e+00,2.230000000000000000e+02
-2.999983787536621094e+00,2.240000000000000000e+02
-2.999983787536621094e+00,2.250000000000000000e+02
-2.999983787536621094e+00,2.260000000000000000e+02
-2.999983787536621094e+00,2.270000000000000000e+02
-2.999983787536621094e+00,2.280000000000000000e+02
-2.999983787536621094e+00,2.290000000000000000e+02
-2.999983787536621094e+00,2.300000000000000000e+02
-2.999983787536621094e+00,2.310000000000000000e+02
-2.999983787536621094e+00,2.320000000000000000e+02
-2.999983787536621094e+00,2.330000000000000000e+02
-2.999983787536621094e+00,2.340000000000000000e+02
-2.999983787536621094e+00,2.350000000000000000e+02
-2.999983787536621094e+00,2.360000000000000000e+02
-2.999983787536621094e+00,2.370000000000000000e+02
-2.999983787536621094e+00,2.380000000000000000e+02
-2.999983787536621094e+00,2.390000000000000000e+02
-2.999983787536621094e+00,2.400000000000000000e+02
-2.999983787536621094e+00,2.410000000000000000e+02
-2.999983787536621094e+00,2.420000000000000000e+02
-2.999983787536621094e+00,2.430000000000000000e+02
-2.999983787536621094e+00,2.440000000000000000e+02
-2.999983787536621094e+00,2.450000000000000000e+02
-2.999983787536621094e+00,2.460000000000000000e+02
-2.999983787536621094e+00,2.470000000000000000e+02
-2.999983787536621094e+00,2.480000000000000000e+02
-2.999983787536621094e+00,2.490000000000000000e+02
-2.999983787536621094e+00,2.500000000000000000e+02
-2.999983787536621094e+00,2.510000000000000000e+02
-2.999983787536621094e+00,2.520000000000000000e+02
-2.999983787536621094e+00,2.530000000000000000e+02
-2.999983787536621094e+00,2.540000000000000000e+02
-2.999983787536621094e+00,2.550000000000000000e+02
-2.999983787536621094e+00,2.560000000000000000e+02
-2.999983787536621094e+00,2.570000000000000000e+02
-2.999983787536621094e+00,2.580000000000000000e+02
-2.999983787536621094e+00,2.590000000000000000e+02
-2.999983787536621094e+00,2.600000000000000000e+02
-2.999983787536621094e+00,2.610000000000000000e+02
-2.999983787536621094e+00,2.620000000000000000e+02
-2.999983787536621094e+00,2.630000000000000000e+02
-2.999983787536621094e+00,2.640000000000000000e+02
-2.999983787536621094e+00,2.650000000000000000e+02
-2.999983787536621094e+00,2.660000000000000000e+02
-2.999983787536621094e+00,2.670000000000000000e+02
-2.999983787536621094e+00,2.680000000000000000e+02
-2.999983787536621094e+00,2.690000000000000000e+02
-2.999983787536621094e+00,2.700000000000000000e+02
-2.999983787536621094e+00,2.710000000000000000e+02
-2.999983787536621094e+00,2.720000000000000000e+02
-2.999983787536621094e+00,2.730000000000000000e+02
-2.999983787536621094e+00,2.740000000000000000e+02
-2.999983787536621094e+00,2.750000000000000000e+02
-2.999983787536621094e+00,2.760000000000000000e+02
-2.999983787536621094e+00,2.770000000000000000e+02
-2.999983787536621094e+00,2.780000000000000000e+02
-2.999983787536621094e+00,2.790000000000000000e+02
-2.999983787536621094e+00,2.800000000000000000e+02
-2.999983787536621094e+00,2.810000000000000000e+02
-2.999983787536621094e+00,2.820000000000000000e+02
-2.999983787536621094e+00,2.830000000000000000e+02
-2.999983787536621094e+00,2.840000000000000000e+02
-2.999983787536621094e+00,2.850000000000000000e+02
-2.999983787536621094e+00,2.860000000000000000e+02
-2.999983787536621094e+00,2.870000000000000000e+02
-2.999983787536621094e+00,2.880000000000000000e+02
-2.999983787536621094e+00,2.890000000000000000e+02
-2.999983787536621094e+00,2.900000000000000000e+02
-2.999983787536621094e+00,2.910000000000000000e+02
-2.999983787536621094e+00,2.920000000000000000e+02
-2.999983787536621094e+00,2.930000000000000000e+02
-2.999983787536621094e+00,2.940000000000000000e+02
-2.999983787536621094e+00,2.950000000000000000e+02
-2.999983787536621094e+00,2.960000000000000000e+02
-2.999983787536621094e+00,2.970000000000000000e+02
-2.999983787536621094e+00,2.980000000000000000e+02
-2.999983787536621094e+00,2.990000000000000000e+02
-2.999983787536621094e+00,3.000000000000000000e+02
-2.999983787536621094e+00,3.010000000000000000e+02
-2.999983787536621094e+00,3.020000000000000000e+02
-2.999983787536621094e+00,3.030000000000000000e+02
-2.999983787536621094e+00,3.040000000000000000e+02
-2.999983787536621094e+00,3.050000000000000000e+02
-2.999983787536621094e+00,3.060000000000000000e+02
-2.999983787536621094e+00,3.070000000000000000e+02
-2.999983787536621094e+00,3.080000000000000000e+02
-2.999983787536621094e+00,3.090000000000000000e+02
-2.999983787536621094e+00,3.100000000000000000e+02
-2.999983787536621094e+00,3.110000000000000000e+02
-2.999983787536621094e+00,3.120000000000000000e+02
-2.999983787536621094e+00,3.130000000000000000e+02
-2.999983787536621094e+00,3.140000000000000000e+02
-2.999983787536621094e+00,3.150000000000000000e+02
-2.999983787536621094e+00,3.160000000000000000e+02
-2.999983787536621094e+00,3.170000000000000000e+02
-2.999983787536621094e+00,3.180000000000000000e+02
-2.999983787536621094e+00,3.190000000000000000e+02
-2.999983787536621094e+00,3.200000000000000000e+02
-2.999983787536621094e+00,3.210000000000000000e+02
-2.999983787536621094e+00,3.220000000000000000e+02
-2.999983787536621094e+00,3.230000000000000000e+02
-2.999983787536621094e+00,3.240000000000000000e+02
-2.999983787536621094e+00,3.250000000000000000e+02
-2.999983787536621094e+00,3.260000000000000000e+02
-2.999983787536621094e+00,3.270000000000000000e+02
-2.999983787536621094e+00,3.280000000000000000e+02
-2.999983787536621094e+00,3.290000000000000000e+02
-2.999983787536621094e+00,3.300000000000000000e+02
-2.999983787536621094e+00,3.310000000000000000e+02
-2.999983787536621094e+00,3.320000000000000000e+02
-2.999983787536621094e+00,3.330000000000000000e+02
-2.999983787536621094e+00,3.340000000000000000e+02
-2.999983787536621094e+00,3.350000000000000000e+02
-2.999983787536621094e+00,3.360000000000000000e+02
-2.999983787536621094e+00,3.370000000000000000e+02
-2.999983787536621094e+00,3.380000000000000000e+02
-2.999983787536621094e+00,3.390000000000000000e+02
-2.999983787536621094e+00,3.400000000000000000e+02
-2.999983787536621094e+00,3.410000000000000000e+02
-2.999983787536621094e+00,3.420000000000000000e+02
-2.999983787536621094e+00,3.430000000000000000e+02
-2.999983787536621094e+00,3.440000000000000000e+02
-2.999983787536621094e+00,3.450000000000000000e+02
-2.999983787536621094e+00,3.460000000000000000e+02
-2.999983787536621094e+00,3.470000000000000000e+02
-2.999983787536621094e+00,3.480000000000000000e+02
-2.999983787536621094e+00,3.490000000000000000e+02
-2.999983787536621094e+00,3.500000000000000000e+02
-2.999983787536621094e+00,3.510000000000000000e+02
-2.999983787536621094e+00,3.520000000000000000e+02
-2.999983787536621094e+00,3.530000000000000000e+02
-2.999983787536621094e+00,3.540000000000000000e+02
-2.999983787536621094e+00,3.550000000000000000e+02
-2.999983787536621094e+00,3.560000000000000000e+02
-2.999983787536621094e+00,3.570000000000000000e+02
-2.999983787536621094e+00,3.580000000000000000e+02
-2.999983787536621094e+00,3.590000000000000000e+02
-2.999983787536621094e+00,3.600000000000000000e+02
-2.999983787536621094e+00,3.610000000000000000e+02
-2.999983787536621094e+00,3.620000000000000000e+02
-2.999983787536621094e+00,3.630000000000000000e+02
-2.999983787536621094e+00,3.640000000000000000e+02
-2.999983787536621094e+00,3.650000000000000000e+02
-2.999983787536621094e+00,3.660000000000000000e+02
-2.999983787536621094e+00,3.670000000000000000e+02
-2.999983787536621094e+00,3.680000000000000000e+02
-2.999983787536621094e+00,3.690000000000000000e+02
-2.999983787536621094e+00,3.700000000000000000e+02
-2.999983787536621094e+00,3.710000000000000000e+02
-2.999983787536621094e+00,3.720000000000000000e+02
-2.999983787536621094e+00,3.730000000000000000e+02
-2.999983787536621094e+00,3.740000000000000000e+02
-2.999983787536621094e+00,3.750000000000000000e+02
-2.999983787536621094e+00,3.760000000000000000e+02
-2.999983787536621094e+00,3.770000000000000000e+02
-2.999983787536621094e+00,3.780000000000000000e+02
-2.999983787536621094e+00,3.790000000000000000e+02
-2.999983787536621094e+00,3.800000000000000000e+02
-2.999983787536621094e+00,3.810000000000000000e+02
-2.999983787536621094e+00,3.820000000000000000e+02
-2.999983787536621094e+00,3.830000000000000000e+02
