ax_clip,deltaf_clip_deg,timestep
5.000000000000000000e+00,7.000000000000000000e+00,0.000000000000000000e+00
5.000000000000000000e+00,7.000000000000000000e+00,1.000000000000000000e+00
4.490221500396728516e+00,7.000000000000000000e+00,2.000000000000000000e+00
4.220712184906005859e+00,3.362241506576538086e+00,3.000000000000000000e+00
4.457164764404296875e+00,-3.665299177169799805e+00,4.000000000000000000e+00
4.743990898132324219e+00,-7.000000000000000000e+00,5.000000000000000000e+00
4.199923992156982422e+00,-7.000000000000000000e+00,6.000000000000000000e+00
3.225517511367797852e+00,-7.000000000000000000e+00,7.000000000000000000e+00
2.667105913162231445e+00,-3.585145950317382812e+00,8.000000000000000000e+00
2.837206602096557617e+00,9.865818023681640625e-01,9.000000000000000000e+00
3.311953306198120117e+00,2.577919960021972656e+00,1.000000000000000000e+01
3.332993268966674805e+00,1.521547555923461914e+00,1.100000000000000000e+01
2.970321655273437500e+00,1.689658164978027344e+00,1.200000000000000000e+01
2.576664447784423828e+00,8.070700764656066895e-01,1.300000000000000000e+01
2.267184495925903320e+00,-7.153564095497131348e-01,1.400000000000000000e+01
2.048440456390380859e+00,-2.099400043487548828e+00,1.500000000000000000e+01
1.844411969184875488e+00,-2.556077241897583008e+00,1.600000000000000000e+01
1.625364780426025391e+00,-1.700686216354370117e+00,1.700000000000000000e+01
1.454867005348205566e+00,1.887549906969070435e-01,1.800000000000000000e+01
1.362631916999816895e+00,2.234213352203369141e+00,1.900000000000000000e+01
7.544199228286743164e-01,3.349349021911621094e+00,2.000000000000000000e+01
-5.268747732043266296e-02,2.797761440277099609e+00,2.100000000000000000e+01
-8.362610936164855957e-01,7.462828159332275391e-01,2.200000000000000000e+01
-1.367406129837036133e+00,-1.629563570022583008e+00,2.300000000000000000e+01
-1.805013656616210938e+00,-3.042668819427490234e+00,2.400000000000000000e+01
-2.312911033630371094e+00,-2.550110578536987305e+00,2.500000000000000000e+01
-2.839422941207885742e+00,-1.083356738090515137e-01,2.600000000000000000e+01
-3.282014131546020508e+00,3.274283885955810547e+00,2.700000000000000000e+01
-3.585520029067993164e+00,5.936885356903076172e+00,2.800000000000000000e+01
-3.942200422286987305e+00,6.381895542144775391e+00,2.900000000000000000e+01
-4.346029281616210938e+00,4.161213874816894531e+00,3.000000000000000000e+01
-4.379645347595214844e+00,3.185074031352996826e-01,3.100000000000000000e+01
-4.095556735992431641e+00,-2.950821638107299805e+00,3.200000000000000000e+01
-3.970909833908081055e+00,-3.411947488784790039e+00,3.300000000000000000e+01
-4.319019794464111328e+00,-3.049780845642089844e+00,3.400000000000000000e+01
-4.675379753112792969e+00,-9.587453603744506836e-01,3.500000000000000000e+01
-4.856117725372314453e+00,2.048708200454711914e+00,3.600000000000000000e+01
-4.923285484313964844e+00,4.374315738677978516e+00,3.700000000000000000e+01
-5.000000000000000000e+00,4.607342720031738281e+00,3.800000000000000000e+01
-5.000000000000000000e+00,2.396410703659057617e+00,3.900000000000000000e+01
-5.000000000000000000e+00,-1.225602269172668457e+00,4.000000000000000000e+01
-5.000000000000000000e+00,-4.344242095947265625e+00,4.100000000000000000e+01
-5.000000000000000000e+00,-5.191561698913574219e+00,4.200000000000000000e+01
-5.000000000000000000e+00,-3.122688770294189453e+00,4.300000000000000000e+01
-5.000000000000000000e+00,9.483034014701843262e-01,4.400000000000000000e+01
-5.000000000000000000e+00,4.899772167205810547e+00,4.500000000000000000e+01
-5.000000000000000000e+00,6.458372116088867188e+00,4.600000000000000000e+01
-5.000000000000000000e+00,4.567705631256103516e+00,4.700000000000000000e+01
-5.000000000000000000e+00,1.750631928443908691e-01,4.800000000000000000e+01
-5.000000000000000000e+00,-4.300049304962158203e+00,4.900000000000000000e+01
-5.000000000000000000e+00,-6.365220069885253906e+00,5.000000000000000000e+01
-5.000000000000000000e+00,-4.814051628112792969e+00,5.100000000000000000e+01
-5.000000000000000000e+00,-3.998057544231414795e-01,5.200000000000000000e+01
-5.000000000000000000e+00,4.497515201568603516e+00,5.300000000000000000e+01
-5.000000000000000000e+00,7.000000000000000000e+00,5.400000000000000000e+01
-5.000000000000000000e+00,5.767096996307373047e+00,5.500000000000000000e+01
-5.000000000000000000e+00,1.428954839706420898e+00,5.600000000000000000e+01
-5.000000000000000000e+00,-3.391036987304687500e+00,5.700000000000000000e+01
-5.000000000000000000e+00,-5.958142280578613281e+00,5.800000000000000000e+01
-5.000000000000000000e+00,-4.914448738098144531e+00,5.900000000000000000e+01
-5.000000000000000000e+00,-9.533911347389221191e-01,6.000000000000000000e+01
-5.000000000000000000e+00,2.064930677413940430e+00,6.100000000000000000e+01
-5.000000000000000000e+00,8.276877999305725098e-01,6.200000000000000000e+01
-5.000000000000000000e+00,-1.845915079116821289e+00,6.300000000000000000e+01
-5.000000000000000000e+00,-3.836499929428100586e+00,6.400000000000000000e+01
-5.000000000000000000e+00,-3.975335597991943359e+00,6.500000000000000000e+01
-5.000000000000000000e+00,-2.345958709716796875e+00,6.600000000000000000e+01
-5.000000000000000000e+00,-3.185580253601074219e+00,6.700000000000000000e+01
-5.000000000000000000e+00,-5.225044727325439453e+00,6.800000000000000000e+01
-5.000000000000000000e+00,-6.479789257049560547e+00,6.900000000000000000e+01
-5.000000000000000000e+00,-6.096231937408447266e+00,7.000000000000000000e+01
-4.502496719360351562e+00,-2.350460767745971680e+00,7.100000000000000000e+01
-3.943430185317993164e+00,2.475178480148315430e+00,7.200000000000000000e+01
-3.484139919281005859e+00,6.367218017578125000e+00,7.300000000000000000e+01
-3.255700111389160156e+00,7.000000000000000000e+00,7.400000000000000000e+01
-3.096134424209594727e+00,7.000000000000000000e+00,7.500000000000000000e+01
-2.833623886108398438e+00,7.000000000000000000e+00,7.600000000000000000e+01
-2.525307178497314453e+00,7.000000000000000000e+00,7.700000000000000000e+01
-2.230416774749755859e+00,7.000000000000000000e+00,7.800000000000000000e+01
-1.968437552452087402e+00,7.000000000000000000e+00,7.900000000000000000e+01
-1.740954279899597168e+00,7.000000000000000000e+00,8.000000000000000000e+01
-1.544443964958190918e+00,7.000000000000000000e+00,8.100000000000000000e+01
-1.374665737152099609e+00,7.000000000000000000e+00,8.200000000000000000e+01
-1.227821469306945801e+00,7.000000000000000000e+00,8.300000000000000000e+01
-1.100667834281921387e+00,7.000000000000000000e+00,8.400000000000000000e+01
-9.904481172561645508e-01,7.000000000000000000e+00,8.500000000000000000e+01
-8.948351740837097168e-01,6.119620323181152344e+00,8.600000000000000000e+01
-8.004307746887207031e-01,7.000000000000000000e+00,8.700000000000000000e+01
-7.150751352310180664e-01,7.000000000000000000e+00,8.800000000000000000e+01
-6.717995405197143555e-01,7.000000000000000000e+00,8.900000000000000000e+01
-6.235830783843994141e-01,7.000000000000000000e+00,9.000000000000000000e+01
-5.772178173065185547e-01,7.000000000000000000e+00,9.100000000000000000e+01
-5.358895063400268555e-01,7.000000000000000000e+00,9.200000000000000000e+01
-4.997709095478057861e-01,7.000000000000000000e+00,9.300000000000000000e+01
-4.683155715465545654e-01,7.000000000000000000e+00,9.400000000000000000e+01
-4.409298896789550781e-01,7.000000000000000000e+00,9.500000000000000000e+01
-4.170778989791870117e-01,7.000000000000000000e+00,9.600000000000000000e+01
-3.963090777397155762e-01,7.000000000000000000e+00,9.700000000000000000e+01
-3.782177567481994629e-01,7.000000000000000000e+00,9.800000000000000000e+01
-3.624559342861175537e-01,7.000000000000000000e+00,9.900000000000000000e+01
-3.487203717231750488e-01,7.000000000000000000e+00,1.000000000000000000e+02
-3.367527723312377930e-01,7.000000000000000000e+00,1.010000000000000000e+02
-3.263245820999145508e-01,7.000000000000000000e+00,1.020000000000000000e+02
-3.172330260276794434e-01,7.000000000000000000e+00,1.030000000000000000e+02
-3.093136847019195557e-01,7.000000000000000000e+00,1.040000000000000000e+02
-3.024064004421234131e-01,7.000000000000000000e+00,1.050000000000000000e+02
-2.963894903659820557e-01,7.000000000000000000e+00,1.060000000000000000e+02
-2.911390960216522217e-01,7.000000000000000000e+00,1.070000000000000000e+02
-2.865676879882812500e-01,7.000000000000000000e+00,1.080000000000000000e+02
-2.825791835784912109e-01,7.000000000000000000e+00,1.090000000000000000e+02
-2.791074216365814209e-01,7.000000000000000000e+00,1.100000000000000000e+02
-2.760775983333587646e-01,5.992025375366210938e+00,1.110000000000000000e+02
-2.595684528350830078e-01,3.557043552398681641e+00,1.120000000000000000e+02
-2.058454155921936035e-01,1.833315491676330566e+00,1.130000000000000000e+02
-1.524533331394195557e-01,1.270273685455322266e+00,1.140000000000000000e+02
-1.233061179518699646e-01,1.824018955230712891e+00,1.150000000000000000e+02
-1.074781045317649841e-01,2.828980684280395508e+00,1.160000000000000000e+02
1.179959475994110107e-01,2.228726148605346680e+00,1.170000000000000000e+02
4.309693276882171631e-01,7.449509501457214355e-01,1.180000000000000000e+02
6.730656623840332031e-01,-5.048649907112121582e-01,1.190000000000000000e+02
9.439612030982971191e-01,-9.302163124084472656e-01,1.200000000000000000e+02
1.180555224418640137e+00,-5.874952673912048340e-01,1.210000000000000000e+02
1.339708805084228516e+00,6.936466693878173828e-02,1.220000000000000000e+02
1.541426897048950195e+00,5.747357606887817383e-01,1.230000000000000000e+02
1.721221089363098145e+00,7.076847553253173828e-01,1.240000000000000000e+02
1.825891375541687012e+00,5.219397544860839844e-01,1.250000000000000000e+02
1.977215290069580078e+00,2.213862091302871704e-01,1.260000000000000000e+02
2.114297628402709961e+00,3.702645655721426010e-03,1.270000000000000000e+02
2.237405061721801758e+00,-4.286011680960655212e-02,1.280000000000000000e+02
2.347823143005371094e+00,5.037195980548858643e-02,1.290000000000000000e+02
2.447123765945434570e+00,1.875296682119369507e-01,1.300000000000000000e+02
2.536375999450683594e+00,2.788171768188476562e-01,1.310000000000000000e+02
2.616502523422241211e+00,2.856097817420959473e-01,1.320000000000000000e+02
2.688579559326171875e+00,2.251421511173248291e-01,1.330000000000000000e+02
2.753559112548828125e+00,1.451490223407745361e-01,1.340000000000000000e+02
2.812090635299682617e+00,9.056830406188964844e-02,1.350000000000000000e+02
2.920683383941650391e+00,8.073897659778594971e-02,1.360000000000000000e+02
2.962316989898681641e+00,1.070837005972862244e-01,1.370000000000000000e+02
3.055692195892333984e+00,1.433642953634262085e-01,1.380000000000000000e+02
3.083667278289794922e+00,1.652072370052337646e-01,1.390000000000000000e+02
3.164793252944946289e+00,1.609185487031936646e-01,1.400000000000000000e+02
3.237760305404663086e+00,1.360122710466384888e-01,1.410000000000000000e+02
3.303412675857543945e+00,1.054588034749031067e-01,1.420000000000000000e+02
3.362467288970947266e+00,8.414861559867858887e-02,1.430000000000000000e+02
3.415566921234130859e+00,7.919398695230484009e-02,1.440000000000000000e+02
3.463313341140747070e+00,8.769142627716064453e-02,1.450000000000000000e+02
3.506223917007446289e+00,1.003443524241447449e-01,1.460000000000000000e+02
3.544800281524658203e+00,1.072967946529388428e-01,1.470000000000000000e+02
3.579490184783935547e+00,1.034876033663749695e-01,1.480000000000000000e+02
3.666673660278320312e+00,9.032855927944183350e-02,1.490000000000000000e+02
3.689107656478881836e+00,7.447910308837890625e-02,1.500000000000000000e+02
3.765262842178344727e+00,6.257204711437225342e-02,1.510000000000000000e+02
3.777764558792114258e+00,5.886939540505409241e-02,1.520000000000000000e+02
3.844973087310791016e+00,6.235893815755844116e-02,1.530000000000000000e+02
3.905402660369873047e+00,6.877863407135009766e-02,1.540000000000000000e+02
3.959742784500122070e+00,7.274765521287918091e-02,1.550000000000000000e+02
4.008604049682617188e+00,7.085637748241424561e-02,1.560000000000000000e+02
4.052548408508300781e+00,6.305152177810668945e-02,1.570000000000000000e+02
4.148043155670166016e+00,5.258288979530334473e-02,1.580000000000000000e+02
4.177936077117919922e+00,4.405881464481353760e-02,1.590000000000000000e+02
4.204824447631835938e+00,4.046271741390228271e-02,1.600000000000000000e+02
4.284978389739990234e+00,4.211426153779029846e-02,1.610000000000000000e+02
4.357044696807861328e+00,4.680250585079193115e-02,1.620000000000000000e+02
4.421849250793457031e+00,5.063833668828010559e-02,1.630000000000000000e+02
4.424150943756103516e+00,5.058505758643150330e-02,1.640000000000000000e+02
4.482202053070068359e+00,4.552388936281204224e-02,1.650000000000000000e+02
4.590373992919921875e+00,3.737274184823036194e-02,1.660000000000000000e+02
4.631672859191894531e+00,2.980762347579002380e-02,1.670000000000000000e+02
4.668811321258544922e+00,2.581196464598178864e-02,1.680000000000000000e+02
4.758177280426025391e+00,2.655782178044319153e-02,1.690000000000000000e+02
4.782565116882324219e+00,3.097968548536300659e-02,1.700000000000000000e+02
4.860464572906494141e+00,3.580111637711524963e-02,1.710000000000000000e+02
4.930510997772216797e+00,3.769239783287048340e-02,1.720000000000000000e+02
4.993506908416748047e+00,3.492207080125808716e-02,1.730000000000000000e+02
5.000000000000000000e+00,2.804953418672084808e-02,1.740000000000000000e+02
5.000000000000000000e+00,1.992502622306346893e-02,1.750000000000000000e+02
5.000000000000000000e+00,1.417127624154090881e-02,1.760000000000000000e+02
5.000000000000000000e+00,1.337214279919862747e-02,1.770000000000000000e+02
5.000000000000000000e+00,1.752763055264949799e-02,1.780000000000000000e+02
5.000000000000000000e+00,2.410715073347091675e-02,1.790000000000000000e+02
5.000000000000000000e+00,2.919495850801467896e-02,1.800000000000000000e+02
5.000000000000000000e+00,2.938142046332359314e-02,1.810000000000000000e+02
5.000000000000000000e+00,2.378749847412109375e-02,1.820000000000000000e+02
4.771167278289794922e+00,1.446429081261157990e-02,1.830000000000000000e+02
4.290497779846191406e+00,5.354184657335281372e-03,1.840000000000000000e+02
3.858249664306640625e+00,6.659434293396770954e-04,1.850000000000000000e+02
3.469541788101196289e+00,2.743686782196164131e-03,1.860000000000000000e+02
3.119988679885864258e+00,1.065509486943483353e-02,1.870000000000000000e+02
2.805648803710937500e+00,2.029795385897159576e-02,1.880000000000000000e+02
2.522977828979492188e+00,2.626480907201766968e-02,1.890000000000000000e+02
2.268790006637573242e+00,2.458663098514080048e-02,1.900000000000000000e+02
2.040207147598266602e+00,1.499704550951719284e-02,1.910000000000000000e+02
1.834675550460815430e+00,1.598264207132160664e-03,1.920000000000000000e+02
1.649842262268066406e+00,-9.110105223953723907e-03,1.930000000000000000e+02
1.483636260032653809e+00,-1.118784956634044647e-02,1.940000000000000000e+02
1.334161520004272461e+00,-2.663773717358708382e-03,1.950000000000000000e+02
1.199743986129760742e+00,1.286602672189474106e-02,1.960000000000000000e+02
1.078871965408325195e+00,2.767660655081272125e-02,1.970000000000000000e+02
9.701746702194213867e-01,3.353690728545188904e-02,1.980000000000000000e+02
8.724308609962463379e-01,2.589187771081924438e-02,1.990000000000000000e+02
7.845343947410583496e-01,7.138913031667470932e-03,2.000000000000000000e+02
7.055074572563171387e-01,-1.411799993366003036e-02,2.010000000000000000e+02
6.344361305236816406e-01,-2.671764977276325226e-02,2.020000000000000000e+02
5.705176591873168945e-01,-2.277526445686817169e-02,2.030000000000000000e+02
5.130345821380615234e-01,-2.450671978294849396e-03,2.040000000000000000e+02
4.613420963287353516e-01,2.519929967820644379e-02,2.050000000000000000e+02
4.148594439029693604e-01,4.595009610056877136e-02,2.060000000000000000e+02
3.730528056621551514e-01,4.754836112260818481e-02,2.070000000000000000e+02
3.354524374008178711e-01,2.655782178044319153e-02,2.080000000000000000e+02
3.016654849052429199e-01,-8.603989146649837494e-03,2.090000000000000000e+02
2.712990641593933105e-01,-4.078237339854240417e-02,2.100000000000000000e+02
2.439774423837661743e-01,-5.213005095720291138e-02,2.110000000000000000e+02
2.193717211484909058e-01,-3.380328416824340820e-02,2.120000000000000000e+02
1.972513645887374878e-01,8.071234449744224548e-03,2.130000000000000000e+02
1.773942708969116211e-01,5.370167642831802368e-02,2.140000000000000000e+02
1.595271676778793335e-01,7.868787646293640137e-02,2.150000000000000000e+02
1.434194296598434448e-01,6.662097573280334473e-02,2.160000000000000000e+02
1.289515048265457153e-01,1.915253140032291412e-02,2.170000000000000000e+02
1.159995719790458679e-01,-4.270029067993164062e-02,2.180000000000000000e+02
1.043799668550491333e-01,-8.718530833721160889e-02,2.190000000000000000e+02
9.384930878877639771e-02,-8.779797703027725220e-02,2.200000000000000000e+02
8.431790024042129517e-02,-3.846488893032073975e-02,2.210000000000000000e+02
7.581564784049987793e-02,4.056927189230918884e-02,2.220000000000000000e+02
6.824433803558349609e-02,1.101470366120338440e-01,2.230000000000000000e+02
6.136054173111915588e-02,1.310310214757919312e-01,2.240000000000000000e+02
5.507032945752143860e-02,8.534730970859527588e-02,2.250000000000000000e+02
4.949753358960151672e-02,-1.094810850918292999e-02,2.260000000000000000e+02
4.467204585671424866e-02,-1.122247800230979919e-01,2.270000000000000000e+02
4.026505351066589355e-02,-1.639552712440490723e-01,2.280000000000000000e+02
3.605449572205543518e-02,-1.314572244882583618e-01,2.290000000000000000e+02
3.226243332028388977e-02,-2.117699943482875824e-02,2.300000000000000000e+02
2.913654223084449768e-02,1.171527728438377380e-01,2.310000000000000000e+02
2.640352398157119751e-02,2.117966264486312866e-01,2.320000000000000000e+02
2.358509786427021027e-02,2.054302096366882324e-01,2.330000000000000000e+02
2.088197134435176849e-02,8.790452778339385986e-02,2.340000000000000000e+02
1.889626309275627136e-02,-9.160717576742172241e-02,2.350000000000000000e+02
1.746996864676475525e-02,-2.436287552118301392e-01,2.360000000000000000e+02
1.570204645395278931e-02,-2.817473113536834717e-01,2.370000000000000000e+02
1.352844294160604477e-02,-1.699221134185791016e-01,2.380000000000000000e+02
1.199111994355916977e-02,5.085143446922302246e-02,2.390000000000000000e+02
1.144451554864645004e-02,2.748747766017913818e-01,2.400000000000000000e+02
1.060325838625431061e-02,3.805200755596160889e-01,2.410000000000000000e+02
8.694415912032127380e-03,2.943203449249267578e-01,2.420000000000000000e+02
7.152822799980640411e-03,3.761248663067817688e-02,2.430000000000000000e+02
7.332176901400089264e-03,-2.725839614868164062e-01,2.440000000000000000e+02
7.695156149566173553e-03,-4.745245873928070068e-01,2.450000000000000000e+02
6.051074713468551636e-03,-4.437047541141510010e-01,2.460000000000000000e+02
3.766441484913229942e-03,-1.658465415239334106e-01,2.470000000000000000e+02
3.988499287515878677e-03,2.407252043485641479e-01,2.480000000000000000e+02
5.764961708337068558e-03,5.716991424560546875e-01,2.490000000000000000e+02
4.825486335903406143e-03,6.366419196128845215e-01,2.500000000000000000e+02
1.323806005530059338e-03,3.645107746124267578e-01,2.510000000000000000e+02
7.900132914073765278e-04,-1.414730101823806763e-01,2.520000000000000000e+02
4.436885006725788116e-03,-6.370148062705993652e-01,2.530000000000000000e+02
5.414793267846107483e-03,-8.507826328277587891e-01,2.540000000000000000e+02
3.672493912745267153e-04,-6.286239027976989746e-01,2.550000000000000000e+02
-2.822695998474955559e-03,-3.327053040266036987e-02,2.560000000000000000e+02
2.190685365349054337e-03,6.608289480209350586e-01,2.570000000000000000e+02
6.930764764547348022e-03,1.088737487792968750e+00,2.580000000000000000e+02
1.097477856092154980e-03,9.817337989807128906e-01,2.590000000000000000e+02
-7.016171701252460480e-03,3.265253603458404541e-01,2.600000000000000000e+02
-2.028412418439984322e-03,-5.933821797370910645e-01,2.610000000000000000e+02
9.330696426331996918e-03,-1.312254667282104492e+00,2.620000000000000000e+02
5.491659510880708694e-03,-1.411613464355468750e+00,2.630000000000000000e+02
-1.051358133554458618e-02,-7.543807029724121094e-01,2.640000000000000000e+02
-1.023173891007900238e-02,4.025228619575500488e-01,2.650000000000000000e+02
9.796163998544216156e-03,1.495788693428039551e+00,2.660000000000000000e+02
1.390423253178596497e-02,1.921326756477355957e+00,2.670000000000000000e+02
-1.144024543464183807e-02,1.357885122299194336e+00,2.680000000000000000e+02
-2.382850833237171173e-02,-1.992502622306346893e-02,2.690000000000000000e+02
5.047543905675411224e-03,-1.570587515830993652e+00,2.700000000000000000e+02
2.789387293159961700e-02,-2.472728013992309570e+00,2.710000000000000000e+02
-3.988499287515878677e-03,-2.147720575332641602e+00,2.720000000000000000e+02
-4.238741472363471985e-02,-6.086189746856689453e-01,2.730000000000000000e+02
-1.234555803239345551e-02,1.468671560287475586e+00,2.740000000000000000e+02
4.353186488151550293e-02,3.025034427642822266e+00,2.750000000000000000e+02
1.790981367230415344e-02,3.142480134963989258e+00,2.760000000000000000e+02
-6.192422658205032349e-02,1.564354300498962402e+00,2.770000000000000000e+02
-5.093236640095710754e-02,-1.076351046562194824e+00,2.780000000000000000e+02
5.319564789533615112e-02,-3.484721899032592773e+00,2.790000000000000000e+02
6.428145617246627808e-02,-4.317177772521972656e+00,2.800000000000000000e+02
-6.872260570526123047e-02,-2.908201217651367188e+00,2.810000000000000000e+02
-1.195610314607620239e-01,2.734097242355346680e-01,2.820000000000000000e+02
3.564027324318885803e-02,3.733971595764160156e+00,2.830000000000000000e+02
1.379961073398590088e-01,5.626821994781494141e+00,2.840000000000000000e+02
-3.899249061942100525e-02,4.707714080810546875e+00,2.850000000000000000e+02
-2.197133600711822510e-01,1.102669119834899902e+00,2.860000000000000000e+02
-4.257103800773620605e-02,-3.586264848709106445e+00,2.870000000000000000e+02
2.323493063449859619e-01,-6.955832004547119141e+00,2.880000000000000000e+02
6.991403549909591675e-02,-6.987104892730712891e+00,2.890000000000000000e+02
-3.307294249534606934e-01,-3.216053962707519531e+00,2.900000000000000000e+02
-2.316916733980178833e-01,2.810014724731445312e+00,2.910000000000000000e+02
3.045223355293273926e-01,7.000000000000000000e+00,2.920000000000000000e+02
3.337144255638122559e-01,7.000000000000000000e+00,2.930000000000000000e+02
-1.969396322965621948e-01,6.854582309722900391e+00,2.940000000000000000e+02
-4.403106868267059326e-01,1.329569220542907715e+00,2.950000000000000000e+02
7.149406522512435913e-02,-5.641392707824707031e+00,2.960000000000000000e+02
6.729546189308166504e-01,-7.000000000000000000e+00,2.970000000000000000e+02
3.547800183296203613e-01,-7.000000000000000000e+00,2.980000000000000000e+02
-2.368716001510620117e-01,-6.236000537872314453e+00,2.990000000000000000e+02
-3.045009970664978027e-01,-6.305152177810668945e-02,3.000000000000000000e+02
3.771694004535675049e-01,6.942753314971923828e+00,3.010000000000000000e+02
8.577365875244140625e-01,7.000000000000000000e+00,3.020000000000000000e+02
3.345727324485778809e-01,7.000000000000000000e+00,3.030000000000000000e+02
-2.284889072179794312e-01,5.061596393585205078e+00,3.040000000000000000e+02
-1.287508010864257812e-01,-1.493098378181457520e+00,3.050000000000000000e+02
6.068796515464782715e-01,-7.000000000000000000e+00,3.060000000000000000e+02
8.725632429122924805e-01,-7.000000000000000000e+00,3.070000000000000000e+02
2.736392319202423096e-01,-7.000000000000000000e+00,3.080000000000000000e+02
-2.080638557672500610e-01,-4.015425205230712891e+00,3.090000000000000000e+02
3.591357544064521790e-02,2.760548591613769531e+00,3.100000000000000000e+02
7.724407911300659180e-01,7.000000000000000000e+00,3.110000000000000000e+02
8.494222164154052734e-01,7.000000000000000000e+00,3.120000000000000000e+02
2.127270847558975220e-01,7.000000000000000000e+00,3.130000000000000000e+02
-1.826852262020111084e-01,2.995440006256103516e+00,3.140000000000000000e+02
1.877413094043731689e-01,-3.961244344711303711e+00,3.150000000000000000e+02
8.949312567710876465e-01,-7.000000000000000000e+00,3.160000000000000000e+02
7.938266396522521973e-01,-7.000000000000000000e+00,3.170000000000000000e+02
1.413397789001464844e-01,-7.000000000000000000e+00,3.180000000000000000e+02
-1.573450118303298950e-01,-1.967356443405151367e+00,3.190000000000000000e+02
3.370068371295928955e-01,5.164684295654296875e+00,3.200000000000000000e+02
9.937171339988708496e-01,7.000000000000000000e+00,3.210000000000000000e+02
7.182117104530334473e-01,7.000000000000000000e+00,3.220000000000000000e+02
6.706998497247695923e-02,6.940595149993896484e+00,3.230000000000000000e+02
-1.221488639712333679e-01,9.351710081100463867e-01,3.240000000000000000e+02
4.933568537235260010e-01,-6.340020656585693359e+00,3.250000000000000000e+02
1.075558304786682129e+00,-7.000000000000000000e+00,3.260000000000000000e+02
6.311650872230529785e-01,-7.000000000000000000e+00,3.270000000000000000e+02
-1.229858375154435635e-03,-6.170844554901123047e+00,3.280000000000000000e+02
-5.419063940644264221e-02,1.464009881019592285e-01,3.290000000000000000e+02
6.393385529518127441e-01,7.000000000000000000e+00,3.300000000000000000e+02
1.078538894653320312e+00,7.000000000000000000e+00,3.310000000000000000e+02
5.153747200965881348e-01,7.000000000000000000e+00,3.320000000000000000e+02
-6.082674860954284668e-02,5.028671741485595703e+00,3.330000000000000000e+02
3.622104227542877197e-02,-1.553033232688903809e+00,3.340000000000000000e+02
7.603813409805297852e-01,-7.000000000000000000e+00,3.350000000000000000e+02
1.001130342483520508e+00,-7.000000000000000000e+00,3.360000000000000000e+02
3.865214586257934570e-01,-7.000000000000000000e+00,3.370000000000000000e+02
-1.015615388751029968e-01,-3.965106964111328125e+00,3.380000000000000000e+02
1.379021555185317993e-01,2.815368890762329102e+00,3.390000000000000000e+02
8.609009385108947754e-01,7.000000000000000000e+00,3.400000000000000000e+02
9.186658263206481934e-01,7.000000000000000000e+00,3.410000000000000000e+02
2.746897339820861816e-01,7.000000000000000000e+00,3.420000000000000000e+02
-1.203638538718223572e-01,2.919176340103149414e+00,3.430000000000000000e+02
2.513394951820373535e-01,-4.043848037719726562e+00,3.440000000000000000e+02
9.472045302391052246e-01,-7.000000000000000000e+00,3.450000000000000000e+02
8.278954625129699707e-01,-7.000000000000000000e+00,3.460000000000000000e+02
1.722356975078582764e-01,-7.000000000000000000e+00,3.470000000000000000e+02
-1.209232658147811890e-01,-1.872979283332824707e+00,3.480000000000000000e+02
3.797615170478820801e-01,5.270143032073974609e+00,3.490000000000000000e+02
1.026077747344970703e+00,7.000000000000000000e+00,3.500000000000000000e+02
7.323166728019714355e-01,7.000000000000000000e+00,3.510000000000000000e+02
8.085038512945175171e-02,6.863052845001220703e+00,3.520000000000000000e+02
-9.720152616500854492e-02,8.294991254806518555e-01,3.530000000000000000e+02
5.239111781120300293e-01,-6.419134616851806641e+00,3.540000000000000000e+02
1.089654564857482910e+00,-7.000000000000000000e+00,3.550000000000000000e+02
6.302341222763061523e-01,-7.000000000000000000e+00,3.560000000000000000e+02
2.404202474281191826e-03,-6.036430358886718750e+00,3.570000000000000000e+02
-3.485453128814697266e-02,3.096103966236114502e-01,3.580000000000000000e+02
6.616297364234924316e-01,7.000000000000000000e+00,3.590000000000000000e+02
1.076284170150756836e+00,7.000000000000000000e+00,3.600000000000000000e+02
5.056383609771728516e-01,7.000000000000000000e+00,3.610000000000000000e+02
-6.101464480161666870e-02,4.898865699768066406e+00,3.620000000000000000e+02
5.260207131505012512e-02,-1.705907225608825684e+00,3.630000000000000000e+02
7.769160866737365723e-01,-7.000000000000000000e+00,3.640000000000000000e+02
9.947291612625122070e-01,-7.000000000000000000e+00,3.650000000000000000e+02
3.754655420780181885e-01,-7.000000000000000000e+00,3.660000000000000000e+02
-1.019245237112045288e-01,-3.835007905960083008e+00,3.670000000000000000e+02
1.535871028900146484e-01,2.967603445053100586e+00,3.680000000000000000e+02
8.738955855369567871e-01,7.000000000000000000e+00,3.690000000000000000e+02
9.092753529548645020e-01,7.000000000000000000e+00,3.700000000000000000e+02
2.629164159297943115e-01,7.000000000000000000e+00,3.710000000000000000e+02
-1.200350448489189148e-01,2.787985563278198242e+00,3.720000000000000000e+02
2.677077353000640869e-01,-4.197308063507080078e+00,3.730000000000000000e+02
9.583202600479125977e-01,-7.000000000000000000e+00,3.740000000000000000e+02
8.168907761573791504e-01,-7.000000000000000000e+00,3.750000000000000000e+02
1.608680486679077148e-01,-7.000000000000000000e+00,3.760000000000000000e+02
-1.188478842377662659e-01,-1.741575241088867188e+00,3.770000000000000000e+02
3.978506624698638916e-01,5.423895835876464844e+00,3.780000000000000000e+02
1.036313772201538086e+00,7.000000000000000000e+00,3.790000000000000000e+02
7.207653522491455078e-01,7.000000000000000000e+00,3.800000000000000000e+02
7.085351645946502686e-02,6.770779609680175781e+00,3.810000000000000000e+02
-9.028356522321701050e-02,6.973226070404052734e-01,3.820000000000000000e+02
5.417612195014953613e-01,-6.524620056152343750e+00,3.830000000000000000e+02
