cost_real_0,cost_real_1,cost_real_2,timestep
-1.000000000000000000e+00,-3.938093948364257812e+01,-8.214926719665527344e-01,0.000000000000000000e+00
-1.000000000000000000e+00,-3.853461074829101562e+01,-8.214884996414184570e-01,1.000000000000000000e+00
-1.000000000000000000e+00,-3.763136291503906250e+01,-7.674781084060668945e-01,2.000000000000000000e+00
-1.000000000000000000e+00,-3.673625946044921875e+01,-6.552917957305908203e-01,3.000000000000000000e+00
-1.000000000000000000e+00,-3.541555023193359375e+01,-5.262386798858642578e-01,4.000000000000000000e+00
-1.000000000000000000e+00,-3.418782806396484375e+01,-4.265708923339843750e-01,5.000000000000000000e+00
-1.000000000000000000e+00,-3.323831176757812500e+01,-4.026921987533569336e-01,6.000000000000000000e+00
-1.000000000000000000e+00,-3.257899093627929688e+01,-4.985829591751098633e-01,7.000000000000000000e+00
-1.000000000000000000e+00,-3.199923706054687500e+01,-7.327347993850708008e-01,8.000000000000000000e+00
-1.000000000000000000e+00,-3.136923980712890625e+01,-1.103450059890747070e+00,9.000000000000000000e+00
-1.000000000000000000e+00,-3.060728836059570312e+01,-1.563847780227661133e+00,1.000000000000000000e+01
-1.000000000000000000e+00,-2.973419761657714844e+01,-1.844850301742553711e+00,1.100000000000000000e+01
-1.000000000000000000e+00,-2.884432411193847656e+01,-2.057645082473754883e+00,1.200000000000000000e+01
-1.000000000000000000e+00,-2.794953536987304688e+01,-2.223886251449584961e+00,1.300000000000000000e+01
-1.000000000000000000e+00,-2.704358482360839844e+01,-2.290413618087768555e+00,1.400000000000000000e+01
-1.000000000000000000e+00,-2.609872817993164062e+01,-2.244044303894042969e+00,1.500000000000000000e+01
-1.000000000000000000e+00,-2.517588424682617188e+01,-2.216108083724975586e+00,1.600000000000000000e+01
-1.000000000000000000e+00,-2.429849243164062500e+01,-2.243830919265747070e+00,1.700000000000000000e+01
-1.000000000000000000e+00,-2.338520431518554688e+01,-2.318606138229370117e+00,1.800000000000000000e+01
-1.000000000000000000e+00,-2.245663833618164062e+01,-2.252584695816040039e+00,1.900000000000000000e+01
-1.000000000000000000e+00,-2.152670288085937500e+01,-2.245294570922851562e+00,2.000000000000000000e+01
-1.000000000000000000e+00,-2.059983634948730469e+01,-2.307771682739257812e+00,2.100000000000000000e+01
-1.000000000000000000e+00,-8.757901000976562500e+01,-2.423251628875732422e+00,2.200000000000000000e+01
-1.000000000000000000e+00,-1.869812393188476562e+01,-2.332563638687133789e+00,2.300000000000000000e+01
-1.000000000000000000e+00,-1.772577285766601562e+01,-2.194936513900756836e+00,2.400000000000000000e+01
-1.000000000000000000e+00,-1.679291915893554688e+01,-2.130192041397094727e+00,2.500000000000000000e+01
-1.000000000000000000e+00,-1.590062332153320312e+01,-2.163341522216796875e+00,2.600000000000000000e+01
-1.000000000000000000e+00,-1.503410720825195312e+01,-2.277235031127929688e+00,2.700000000000000000e+01
-1.000000000000000000e+00,-1.412318992614746094e+01,-2.345206975936889648e+00,2.800000000000000000e+01
-1.000000000000000000e+00,-1.321012973785400391e+01,-2.430033922195434570e+00,2.900000000000000000e+01
-1.000000000000000000e+00,-1.223930454254150391e+01,-2.317077636718750000e+00,3.000000000000000000e+01
-1.000000000000000000e+00,-1.121282672882080078e+01,-2.113101720809936523e+00,3.100000000000000000e+01
-1.000000000000000000e+00,-1.017667865753173828e+01,-1.914710283279418945e+00,3.200000000000000000e+01
-1.000000000000000000e+00,-9.460081100463867188e+00,-1.797420978546142578e+00,3.300000000000000000e+01
-1.000000000000000000e+00,-8.604142189025878906e+00,-1.800740003585815430e+00,3.400000000000000000e+01
-1.000000000000000000e+00,-7.559490203857421875e+00,-1.922772884368896484e+00,3.500000000000000000e+01
-1.000000000000000000e+00,-6.793224334716796875e+00,-2.137280225753784180e+00,3.600000000000000000e+01
-1.000000000000000000e+00,-6.175449371337890625e+00,-2.382969617843627930e+00,3.700000000000000000e+01
-1.000000000000000000e+00,-5.193323612213134766e+00,-2.572936296463012695e+00,3.800000000000000000e+01
-1.000000000000000000e+00,-4.507932186126708984e+00,-2.652394294738769531e+00,3.900000000000000000e+01
-1.000000000000000000e+00,-3.467643737792968750e+00,-2.646449327468872070e+00,4.000000000000000000e+01
-1.000000000000000000e+00,-2.692262649536132812e+00,-2.632817029953002930e+00,4.100000000000000000e+01
-1.000000000000000000e+00,-1.967912912368774414e+00,-2.687905788421630859e+00,4.200000000000000000e+01
-1.000000000000000000e+00,-1.573990583419799805e+00,-2.860836505889892578e+00,4.300000000000000000e+01
-1.000000000000000000e+00,-1.449877023696899414e+00,-3.157588481903076172e+00,4.400000000000000000e+01
-1.000000000000000000e+00,-1.451796770095825195e+00,-3.513955593109130859e+00,4.500000000000000000e+01
-1.000000000000000000e+00,-1.555338382720947266e+00,-3.625261783599853516e+00,4.600000000000000000e+01
-1.000000000000000000e+00,-1.643361568450927734e+00,-3.331383705139160156e+00,4.700000000000000000e+01
-1.000000000000000000e+00,-1.596098184585571289e+00,-2.980478763580322266e+00,4.800000000000000000e+01
-1.000000000000000000e+00,-1.399877548217773438e+00,-2.695015668869018555e+00,4.900000000000000000e+01
-1.000000000000000000e+00,-1.402513742446899414e+00,-2.529036998748779297e+00,5.000000000000000000e+01
-1.000000000000000000e+00,-1.525994300842285156e+00,-2.471098661422729492e+00,5.100000000000000000e+01
-1.000000000000000000e+00,-1.759139537811279297e+00,-2.472436904907226562e+00,5.200000000000000000e+01
-1.000000000000000000e+00,-2.069477081298828125e+00,-2.456753253936767578e+00,5.300000000000000000e+01
-1.000000000000000000e+00,-2.353485345840454102e+00,-2.338494300842285156e+00,5.400000000000000000e+01
-1.000000000000000000e+00,-2.496979951858520508e+00,-2.092896699905395508e+00,5.500000000000000000e+01
-1.000000000000000000e+00,-3.020107746124267578e+00,-1.799154043197631836e+00,5.600000000000000000e+01
-1.000000000000000000e+00,-4.045887470245361328e+00,-1.553554773330688477e+00,5.700000000000000000e+01
-1.000000000000000000e+00,-4.451697826385498047e+00,-1.395956754684448242e+00,5.800000000000000000e+01
-1.000000000000000000e+00,-5.072723388671875000e+00,-1.310488939285278320e+00,5.900000000000000000e+01
-1.000000000000000000e+00,-5.642819881439208984e+00,-1.255248785018920898e+00,6.000000000000000000e+01
-1.000000000000000000e+00,-6.188481807708740234e+00,-1.179429292678833008e+00,6.100000000000000000e+01
-1.000000000000000000e+00,-6.752122402191162109e+00,-1.040416240692138672e+00,6.200000000000000000e+01
-1.000000000000000000e+00,-7.353608131408691406e+00,-8.605864048004150391e-01,6.300000000000000000e+01
-1.000000000000000000e+00,-7.952582359313964844e+00,-7.143326997756958008e-01,6.400000000000000000e+01
-1.000000000000000000e+00,-8.514618873596191406e+00,-6.193691492080688477e-01,6.500000000000000000e+01
-1.000000000000000000e+00,-9.032674789428710938e+00,-5.570482015609741211e-01,6.600000000000000000e+01
-1.000000000000000000e+00,-9.521899223327636719e+00,-4.999225139617919922e-01,6.700000000000000000e+01
-1.000000000000000000e+00,-1.001214122772216797e+01,-8.685148954391479492e-01,6.800000000000000000e+01
-1.000000000000000000e+00,-1.048287296295166016e+01,-6.840611696243286133e-01,6.900000000000000000e+01
-1.000000000000000000e+00,-1.090248489379882812e+01,-5.217792987823486328e-01,7.000000000000000000e+01
-1.000000000000000000e+00,-1.125158023834228516e+01,-3.795336484909057617e-01,7.100000000000000000e+01
-1.000000000000000000e+00,-1.151984977722167969e+01,-2.706120014190673828e-01,7.200000000000000000e+01
-1.000000000000000000e+00,-1.198448467254638672e+01,-4.189761877059936523e-01,7.300000000000000000e+01
-1.000000000000000000e+00,-1.240950107574462891e+01,-7.157224416732788086e-01,7.400000000000000000e+01
-1.000000000000000000e+00,-1.309823513031005859e+01,-1.026420593261718750e+00,7.500000000000000000e+01
-1.000000000000000000e+00,-1.380343532562255859e+01,-1.352025270462036133e+00,7.600000000000000000e+01
-1.000000000000000000e+00,-1.365292644500732422e+01,-1.682721376419067383e+00,7.700000000000000000e+01
-1.000000000000000000e+00,-1.246107387542724609e+01,-2.012420654296875000e+00,7.800000000000000000e+01
-1.000000000000000000e+00,-1.125829124450683594e+01,-2.339813709259033203e+00,7.900000000000000000e+01
-1.000000000000000000e+00,-1.004886531829833984e+01,-2.665727376937866211e+00,8.000000000000000000e+01
-1.000000000000000000e+00,-8.836699485778808594e+00,-2.991665601730346680e+00,8.100000000000000000e+01
-1.000000000000000000e+00,-7.625419616699218750e+00,-3.319290161132812500e+00,8.200000000000000000e+01
-1.000000000000000000e+00,-6.418548583984375000e+00,-6.488435745239257812e+00,8.300000000000000000e+01
-1.000000000000000000e+00,-5.219555377960205078e+00,-3.986517906188964844e+00,8.400000000000000000e+01
-1.000000000000000000e+00,-4.220520496368408203e+00,-7.230462074279785156e+00,8.500000000000000000e+01
-1.000000000000000000e+00,-3.289051055908203125e+00,-4.682066917419433594e+00,8.600000000000000000e+01
-1.000000000000000000e+00,-2.387314796447753906e+00,-5.045669555664062500e+00,8.700000000000000000e+01
-1.000000000000000000e+00,-2.044805526733398438e+00,-5.402771472930908203e+00,8.800000000000000000e+01
-1.000000000000000000e+00,-1.628337621688842773e+00,-5.786809921264648438e+00,8.900000000000000000e+01
-1.000000000000000000e+00,-1.111633062362670898e+00,-6.196851253509521484e+00,9.000000000000000000e+01
-1.000000000000000000e+00,-4.974422454833984375e-01,-6.632081031799316406e+00,9.100000000000000000e+01
-1.000000000000000000e+00,-3.245935440063476562e-01,-7.095803260803222656e+00,9.200000000000000000e+01
-1.000000000000000000e+00,-5.330373048782348633e-01,-7.795268058776855469e+00,9.300000000000000000e+01
-1.000000000000000000e+00,-7.500693798065185547e-01,-9.749532699584960938e+00,9.400000000000000000e+01
-1.000000000000000000e+00,-1.279228448867797852e+00,-1.263321208953857422e+01,9.500000000000000000e+01
-1.000000000000000000e+00,-2.184875488281250000e+00,-8.367860794067382812e+00,9.600000000000000000e+01
-1.000000000000000000e+00,-3.049241542816162109e+00,-7.746003150939941406e+00,9.700000000000000000e+01
-1.000000000000000000e+00,-3.869902133941650391e+00,-1.514179801940917969e+01,9.800000000000000000e+01
-1.000000000000000000e+00,-4.644531726837158203e+00,-6.616108894348144531e+00,9.900000000000000000e+01
-1.000000000000000000e+00,-5.370928287506103516e+00,-2.147446060180664062e+01,1.000000000000000000e+02
-1.000000000000000000e+00,-6.047000885009765625e+00,-2.030339813232421875e+01,1.010000000000000000e+02
-1.000000000000000000e+00,-6.670781612396240234e+00,-5.151710987091064453e+00,1.020000000000000000e+02
-1.000000000000000000e+00,-7.240447998046875000e+00,-4.713667392730712891e+00,1.030000000000000000e+02
-1.000000000000000000e+00,-8.060850143432617188e+00,-4.296904563903808594e+00,1.040000000000000000e+02
-1.000000000000000000e+00,-9.137955665588378906e+00,-1.743666076660156250e+01,1.050000000000000000e+02
-1.000000000000000000e+00,-1.043044471740722656e+01,-3.519936561584472656e+00,1.060000000000000000e+02
-1.000000000000000000e+00,-1.209090232849121094e+01,-3.156566619873046875e+00,1.070000000000000000e+02
-1.000000000000000000e+00,-1.378413677215576172e+01,-2.808104038238525391e+00,1.080000000000000000e+02
-1.000000000000000000e+00,-1.550488090515136719e+01,-2.473336696624755859e+00,1.090000000000000000e+02
-1.000000000000000000e+00,-1.724772834777832031e+01,-2.151177406311035156e+00,1.100000000000000000e+02
-1.000000000000000000e+00,-1.900725936889648438e+01,-2.140142202377319336e+00,1.110000000000000000e+02
-1.000000000000000000e+00,-2.077802276611328125e+01,-2.160410404205322266e+00,1.120000000000000000e+02
-1.000000000000000000e+00,-2.246764564514160156e+01,-2.185899496078491211e+00,1.130000000000000000e+02
-1.000000000000000000e+00,-2.392848968505859375e+01,-2.179560899734497070e+00,1.140000000000000000e+02
-1.000000000000000000e+00,-2.518799018859863281e+01,-2.150463342666625977e+00,1.150000000000000000e+02
-1.000000000000000000e+00,-2.635897636413574219e+01,-2.120763063430786133e+00,1.160000000000000000e+02
-1.000000000000000000e+00,-2.757173347473144531e+01,-2.113013505935668945e+00,1.170000000000000000e+02
-1.000000000000000000e+00,-2.889814567565917969e+01,-2.137154340744018555e+00,1.180000000000000000e+02
-1.000000000000000000e+00,-3.019437026977539062e+01,-2.153571605682373047e+00,1.190000000000000000e+02
-1.000000000000000000e+00,-3.133588409423828125e+01,-2.138526916503906250e+00,1.200000000000000000e+02
-1.000000000000000000e+00,-3.231558609008789062e+01,-2.096766710281372070e+00,1.210000000000000000e+02
-1.000000000000000000e+00,-3.321497726440429688e+01,-2.047679901123046875e+00,1.220000000000000000e+02
-1.000000000000000000e+00,-3.413505935668945312e+01,-2.007824659347534180e+00,1.230000000000000000e+02
-1.000000000000000000e+00,-3.513595199584960938e+01,-1.982732057571411133e+00,1.240000000000000000e+02
-1.000000000000000000e+00,-3.621572875976562500e+01,-1.968451738357543945e+00,1.250000000000000000e+02
-1.000000000000000000e+00,-3.733010482788085938e+01,-1.957060813903808594e+00,1.260000000000000000e+02
-1.000000000000000000e+00,-3.843004608154296875e+01,-1.941985845565795898e+00,1.270000000000000000e+02
-1.000000000000000000e+00,-3.948894882202148438e+01,-1.920944452285766602e+00,1.280000000000000000e+02
-1.000000000000000000e+00,-4.026024627685546875e+01,-1.895856618881225586e+00,1.290000000000000000e+02
-1.000000000000000000e+00,-4.025432968139648438e+01,-1.870416164398193359e+00,1.300000000000000000e+02
-1.000000000000000000e+00,-4.026107788085937500e+01,-1.847525835037231445e+00,1.310000000000000000e+02
-1.000000000000000000e+00,-4.029587173461914062e+01,-1.828002691268920898e+00,1.320000000000000000e+02
-1.000000000000000000e+00,-4.035526275634765625e+01,-1.810820102691650391e+00,1.330000000000000000e+02
-1.000000000000000000e+00,-4.042330932617187500e+01,-1.794187307357788086e+00,1.340000000000000000e+02
-1.000000000000000000e+00,-4.048301315307617188e+01,-1.776686668395996094e+00,1.350000000000000000e+02
-1.000000000000000000e+00,-4.052634429931640625e+01,-1.757919311523437500e+00,1.360000000000000000e+02
-1.000000000000000000e+00,-4.055546569824218750e+01,-1.738431930541992188e+00,1.370000000000000000e+02
-1.000000000000000000e+00,-4.057900238037109375e+01,-1.719163894653320312e+00,1.380000000000000000e+02
-1.000000000000000000e+00,-4.060692596435546875e+01,-1.700871944427490234e+00,1.390000000000000000e+02
-1.000000000000000000e+00,-4.064484024047851562e+01,-1.683762311935424805e+00,1.400000000000000000e+02
-1.000000000000000000e+00,-4.069094467163085938e+01,-1.667515754699707031e+00,1.410000000000000000e+02
-1.000000000000000000e+00,-4.073953628540039062e+01,-1.651563882827758789e+00,1.420000000000000000e+02
-1.000000000000000000e+00,-4.078451538085937500e+01,-1.635475158691406250e+00,1.430000000000000000e+02
-1.000000000000000000e+00,-4.082263183593750000e+01,-1.619105815887451172e+00,1.440000000000000000e+02
-1.000000000000000000e+00,-4.085385513305664062e+01,-1.602650165557861328e+00,1.450000000000000000e+02
-1.000000000000000000e+00,-4.088225555419921875e+01,-1.586441278457641602e+00,1.460000000000000000e+02
-1.000000000000000000e+00,-4.091271591186523438e+01,-1.570776939392089844e+00,1.470000000000000000e+02
-1.000000000000000000e+00,-4.094709014892578125e+01,-1.555732727050781250e+00,1.480000000000000000e+02
-1.000000000000000000e+00,-4.098550415039062500e+01,-1.541192531585693359e+00,1.490000000000000000e+02
-1.000000000000000000e+00,-4.102507400512695312e+01,-1.526913642883300781e+00,1.500000000000000000e+02
-1.000000000000000000e+00,-4.106285095214843750e+01,-1.512687921524047852e+00,1.510000000000000000e+02
-1.000000000000000000e+00,-4.109611511230468750e+01,-1.498446941375732422e+00,1.520000000000000000e+02
-1.000000000000000000e+00,-4.112509155273437500e+01,-1.484252452850341797e+00,1.530000000000000000e+02
-1.000000000000000000e+00,-4.115208435058593750e+01,-1.470301866531372070e+00,1.540000000000000000e+02
-1.000000000000000000e+00,-4.117942810058593750e+01,-1.456729650497436523e+00,1.550000000000000000e+02
-1.000000000000000000e+00,-4.120927810668945312e+01,-1.443597793579101562e+00,1.560000000000000000e+02
-1.000000000000000000e+00,-4.124208450317382812e+01,-1.430851697921752930e+00,1.570000000000000000e+02
-1.000000000000000000e+00,-4.127582168579101562e+01,-1.418357133865356445e+00,1.580000000000000000e+02
-1.000000000000000000e+00,-4.130862808227539062e+01,-1.405987262725830078e+00,1.590000000000000000e+02
-1.000000000000000000e+00,-4.133829498291015625e+01,-1.393671512603759766e+00,1.600000000000000000e+02
-1.000000000000000000e+00,-4.136436843872070312e+01,-1.381425857543945312e+00,1.610000000000000000e+02
-1.000000000000000000e+00,-4.138816452026367188e+01,-1.369382619857788086e+00,1.620000000000000000e+02
-1.000000000000000000e+00,-4.141176223754882812e+01,-1.357637643814086914e+00,1.630000000000000000e+02
-1.000000000000000000e+00,-4.143727493286132812e+01,-1.346244812011718750e+00,1.640000000000000000e+02
-1.000000000000000000e+00,-4.146517562866210938e+01,-1.335205078125000000e+00,1.650000000000000000e+02
-1.000000000000000000e+00,-4.150360870361328125e+01,-1.324398040771484375e+00,1.660000000000000000e+02
-1.000000000000000000e+00,-4.154242706298828125e+01,-1.313746213912963867e+00,1.670000000000000000e+02
-1.000000000000000000e+00,-4.192664337158203125e+01,-1.303144454956054688e+00,1.680000000000000000e+02
-1.000000000000000000e+00,-4.263970947265625000e+01,-1.292605638504028320e+00,1.690000000000000000e+02
-1.000000000000000000e+00,-4.336285018920898438e+01,-1.282216548919677734e+00,1.700000000000000000e+02
-1.000000000000000000e+00,-4.409541320800781250e+01,-1.272065401077270508e+00,1.710000000000000000e+02
-1.000000000000000000e+00,-4.483672714233398438e+01,-1.262238264083862305e+00,1.720000000000000000e+02
-1.000000000000000000e+00,-4.558637619018554688e+01,-1.252733945846557617e+00,1.730000000000000000e+02
-1.000000000000000000e+00,-4.634460830688476562e+01,-1.243490934371948242e+00,1.740000000000000000e+02
-1.000000000000000000e+00,-4.711232376098632812e+01,-1.234387397766113281e+00,1.750000000000000000e+02
-1.000000000000000000e+00,-4.791141891479492188e+01,-1.225343227386474609e+00,1.760000000000000000e+02
-1.000000000000000000e+00,-4.867951965332031250e+01,-1.216312170028686523e+00,1.770000000000000000e+02
-1.000000000000000000e+00,-4.947944259643554688e+01,-1.207354545593261719e+00,1.780000000000000000e+02
-1.000000000000000000e+00,-5.030905151367187500e+01,-1.198579788208007812e+00,1.790000000000000000e+02
-1.000000000000000000e+00,-5.112831115722656250e+01,-1.190100908279418945e+00,1.800000000000000000e+02
-1.000000000000000000e+00,-5.195557403564453125e+01,-1.181964635848999023e+00,1.810000000000000000e+02
-1.000000000000000000e+00,-5.429861450195312500e+01,-1.174111604690551758e+00,1.820000000000000000e+02
-1.000000000000000000e+00,-5.361982727050781250e+01,-1.166457653045654297e+00,1.830000000000000000e+02
-1.000000000000000000e+00,-5.447468185424804688e+01,-1.158844232559204102e+00,1.840000000000000000e+02
-1.000000000000000000e+00,-5.534044647216796875e+01,-1.151205778121948242e+00,1.850000000000000000e+02
-1.000000000000000000e+00,-5.623105621337890625e+01,-1.143545150756835938e+00,1.860000000000000000e+02
-1.000000000000000000e+00,-5.710106658935546875e+01,-1.135954141616821289e+00,1.870000000000000000e+02
-1.000000000000000000e+00,-5.799338531494140625e+01,-1.128609657287597656e+00,1.880000000000000000e+02
-1.000000000000000000e+00,-5.890446090698242188e+01,-1.121640682220458984e+00,1.890000000000000000e+02
-1.000000000000000000e+00,-5.979171752929687500e+01,-1.115067243576049805e+00,1.900000000000000000e+02
-1.000000000000000000e+00,-6.070870590209960938e+01,-1.108791589736938477e+00,1.910000000000000000e+02
-1.000000000000000000e+00,-6.160257720947265625e+01,-1.102640867233276367e+00,1.920000000000000000e+02
-1.000000000000000000e+00,-6.252674865722656250e+01,-1.096418857574462891e+00,1.930000000000000000e+02
-1.000000000000000000e+00,-6.344452667236328125e+01,-1.090068340301513672e+00,1.940000000000000000e+02
-1.000000000000000000e+00,-6.435610198974609375e+01,-1.083589076995849609e+00,1.950000000000000000e+02
-1.000000000000000000e+00,-6.528467559814453125e+01,-1.077262163162231445e+00,1.960000000000000000e+02
-1.000000000000000000e+00,-6.621577453613281250e+01,-1.071266412734985352e+00,1.970000000000000000e+02
-1.000000000000000000e+00,-6.714725494384765625e+01,-1.065788269042968750e+00,1.980000000000000000e+02
-1.000000000000000000e+00,-6.807737731933593750e+01,-1.060767173767089844e+00,1.990000000000000000e+02
-1.000000000000000000e+00,-6.901631164550781250e+01,-1.056035757064819336e+00,2.000000000000000000e+02
-1.000000000000000000e+00,-6.994609069824218750e+01,-1.051192045211791992e+00,2.010000000000000000e+02
-1.000000000000000000e+00,-7.239463806152343750e+01,-1.046054124832153320e+00,2.020000000000000000e+02
-1.000000000000000000e+00,-7.181813812255859375e+01,-1.040506601333618164e+00,2.030000000000000000e+02
-1.000000000000000000e+00,-7.275358581542968750e+01,-1.034852266311645508e+00,2.040000000000000000e+02
-1.000000000000000000e+00,-7.371160125732421875e+01,-1.029401302337646484e+00,2.050000000000000000e+02
-1.000000000000000000e+00,-7.617188262939453125e+01,-1.024594306945800781e+00,2.060000000000000000e+02
-1.000000000000000000e+00,-7.559246826171875000e+01,-1.020532131195068359e+00,2.070000000000000000e+02
-1.000000000000000000e+00,-7.653023529052734375e+01,-1.017018795013427734e+00,2.080000000000000000e+02
-1.000000000000000000e+00,-7.831604003906250000e+01,-1.013607025146484375e+00,2.090000000000000000e+02
-1.000000000000000000e+00,-7.677486419677734375e+01,-1.009775876998901367e+00,2.100000000000000000e+02
-1.000000000000000000e+00,-7.677037811279296875e+01,-1.005201101303100586e+00,2.110000000000000000e+02
-1.000000000000000000e+00,-7.677302551269531250e+01,-1.000001430511474609e+00,2.120000000000000000e+02
-1.000000000000000000e+00,-7.678201293945312500e+01,-9.947214126586914062e-01,2.130000000000000000e+02
-1.000000000000000000e+00,-7.680026245117187500e+01,-9.900101423263549805e-01,2.140000000000000000e+02
-1.000000000000000000e+00,-7.832948303222656250e+01,-9.863835573196411133e-01,2.150000000000000000e+02
-1.000000000000000000e+00,-7.680066680908203125e+01,-9.838831424713134766e-01,2.160000000000000000e+02
-1.000000000000000000e+00,-7.678663635253906250e+01,-9.819434881210327148e-01,2.170000000000000000e+02
-1.000000000000000000e+00,-7.676309204101562500e+01,-9.797413349151611328e-01,2.180000000000000000e+02
-1.000000000000000000e+00,-7.827813720703125000e+01,-9.764432907104492188e-01,2.190000000000000000e+02
-1.000000000000000000e+00,-7.674860382080078125e+01,-9.718382358551025391e-01,2.200000000000000000e+02
-1.000000000000000000e+00,-7.675852966308593750e+01,-9.663630723953247070e-01,2.210000000000000000e+02
-1.000000000000000000e+00,-7.677713012695312500e+01,-9.610998630523681641e-01,2.220000000000000000e+02
-1.000000000000000000e+00,-7.679295349121093750e+01,-9.571298360824584961e-01,2.230000000000000000e+02
-1.000000000000000000e+00,-7.680698394775390625e+01,-9.550852775573730469e-01,2.240000000000000000e+02
-1.000000000000000000e+00,-7.679431915283203125e+01,-9.545646905899047852e-01,2.250000000000000000e+02
-1.000000000000000000e+00,-7.676126098632812500e+01,-9.544500112533569336e-01,2.260000000000000000e+02
-1.000000000000000000e+00,-7.673729705810546875e+01,-9.532029628753662109e-01,2.270000000000000000e+02
-1.000000000000000000e+00,-7.672145080566406250e+01,-9.497534036636352539e-01,2.280000000000000000e+02
-1.000000000000000000e+00,-7.672644042968750000e+01,-9.441423416137695312e-01,2.290000000000000000e+02
-1.000000000000000000e+00,-7.675267028808593750e+01,-9.376085996627807617e-01,2.300000000000000000e+02
-1.000000000000000000e+00,-7.679339599609375000e+01,-9.321569204330444336e-01,2.310000000000000000e+02
-1.000000000000000000e+00,-7.681874847412109375e+01,-9.293918609619140625e-01,2.320000000000000000e+02
-1.000000000000000000e+00,-1.474335784912109375e+02,-9.297544956207275391e-01,2.330000000000000000e+02
-1.000000000000000000e+00,-7.677800750732421875e+01,-9.320938587188720703e-01,2.340000000000000000e+02
-1.000000000000000000e+00,-7.673543548583984375e+01,-9.340326786041259766e-01,2.350000000000000000e+02
-1.000000000000000000e+00,-7.669161987304687500e+01,-9.286066293716430664e-01,2.360000000000000000e+02
-1.000000000000000000e+00,-7.667861938476562500e+01,-9.210536479949951172e-01,2.370000000000000000e+02
-1.000000000000000000e+00,-7.670786285400390625e+01,-9.186465740203857422e-01,2.380000000000000000e+02
-1.000000000000000000e+00,-7.676042175292968750e+01,-9.116079807281494141e-01,2.390000000000000000e+02
-1.000000000000000000e+00,-7.681559753417968750e+01,-9.061657190322875977e-01,2.400000000000000000e+02
-1.000000000000000000e+00,-7.684191894531250000e+01,-9.058500528335571289e-01,2.410000000000000000e+02
-1.000000000000000000e+00,-7.682192230224609375e+01,-9.103429317474365234e-01,2.420000000000000000e+02
-1.000000000000000000e+00,-7.675991821289062500e+01,-9.167548418045043945e-01,2.430000000000000000e+02
-1.000000000000000000e+00,-7.667896270751953125e+01,-9.135738611221313477e-01,2.440000000000000000e+02
-1.000000000000000000e+00,-7.662946319580078125e+01,-8.999578952789306641e-01,2.450000000000000000e+02
-1.000000000000000000e+00,-1.613741149902343750e+02,-8.921335935592651367e-01,2.460000000000000000e+02
-1.000000000000000000e+00,-7.669895172119140625e+01,-8.939630985260009766e-01,2.470000000000000000e+02
-1.000000000000000000e+00,-7.679972839355468750e+01,-8.859354257583618164e-01,2.480000000000000000e+02
-1.000000000000000000e+00,-7.690000915527343750e+01,-8.816993236541748047e-01,2.490000000000000000e+02
-1.000000000000000000e+00,-7.689905548095703125e+01,-8.864612579345703125e-01,2.500000000000000000e+02
-1.000000000000000000e+00,-7.684909057617187500e+01,-8.979310989379882812e-01,2.510000000000000000e+02
-1.000000000000000000e+00,-7.671112823486328125e+01,-9.093499183654785156e-01,2.520000000000000000e+02
-1.000000000000000000e+00,-7.657212066650390625e+01,-8.870977163314819336e-01,2.530000000000000000e+02
-1.000000000000000000e+00,-7.650825500488281250e+01,-8.683248758316040039e-01,2.540000000000000000e+02
-1.000000000000000000e+00,-7.656413269042968750e+01,-8.624879121780395508e-01,2.550000000000000000e+02
-1.000000000000000000e+00,-7.672594451904296875e+01,-8.713668584823608398e-01,2.560000000000000000e+02
-1.000000000000000000e+00,-7.689452362060546875e+01,-8.576949834823608398e-01,2.570000000000000000e+02
-1.000000000000000000e+00,-1.719135894775390625e+02,-8.579204082489013672e-01,2.580000000000000000e+02
-1.000000000000000000e+00,-7.850421142578125000e+01,-8.727289438247680664e-01,2.590000000000000000e+02
-1.000000000000000000e+00,-7.682468414306640625e+01,-8.955595493316650391e-01,2.600000000000000000e+02
-1.000000000000000000e+00,-7.658393096923828125e+01,-8.890540599822998047e-01,2.610000000000000000e+02
-1.000000000000000000e+00,-7.637774658203125000e+01,-8.528790473937988281e-01,2.620000000000000000e+02
-1.000000000000000000e+00,-7.634114837646484375e+01,-8.291913270950317383e-01,2.630000000000000000e+02
-1.000000000000000000e+00,-7.806157684326171875e+01,-8.310412168502807617e-01,2.640000000000000000e+02
-1.000000000000000000e+00,-7.682242584228515625e+01,-8.376392126083374023e-01,2.650000000000000000e+02
-1.000000000000000000e+00,-7.708874511718750000e+01,-8.240773677825927734e-01,2.660000000000000000e+02
-1.000000000000000000e+00,-7.725195312500000000e+01,-8.358210325241088867e-01,2.670000000000000000e+02
-1.000000000000000000e+00,-7.707192230224609375e+01,-8.690862655639648438e-01,2.680000000000000000e+02
-1.000000000000000000e+00,-7.674546051025390625e+01,-9.095771312713623047e-01,2.690000000000000000e+02
-1.000000000000000000e+00,-7.630979156494140625e+01,-8.572838306427001953e-01,2.700000000000000000e+02
-1.000000000000000000e+00,-7.603897094726562500e+01,-8.021810054779052734e-01,2.710000000000000000e+02
-1.000000000000000000e+00,-7.611842346191406250e+01,-7.773834466934204102e-01,2.720000000000000000e+02
-1.000000000000000000e+00,-7.654437255859375000e+01,-7.994076013565063477e-01,2.730000000000000000e+02
-1.000000000000000000e+00,-7.711065673828125000e+01,-7.888039350509643555e-01,2.740000000000000000e+02
-1.000000000000000000e+00,-7.744105529785156250e+01,-7.835725545883178711e-01,2.750000000000000000e+02
-1.000000000000000000e+00,-7.900399017333984375e+01,-8.199687004089355469e-01,2.760000000000000000e+02
-1.000000000000000000e+00,-7.717459869384765625e+01,-8.851271867752075195e-01,2.770000000000000000e+02
-1.000000000000000000e+00,-7.646073150634765625e+01,-9.010332822799682617e-01,2.780000000000000000e+02
-1.000000000000000000e+00,-7.727795410156250000e+01,-7.997609376907348633e-01,2.790000000000000000e+02
-1.000000000000000000e+00,-7.548189544677734375e+01,-7.232458591461181641e-01,2.800000000000000000e+02
-1.000000000000000000e+00,-7.587595367431640625e+01,-7.086527347564697266e-01,2.810000000000000000e+02
-1.000000000000000000e+00,-7.676844024658203125e+01,-7.654438018798828125e-01,2.820000000000000000e+02
-1.000000000000000000e+00,-7.758355712890625000e+01,-7.178680896759033203e-01,2.830000000000000000e+02
-1.000000000000000000e+00,-7.801263427734375000e+01,-7.390729188919067383e-01,2.840000000000000000e+02
-1.000000000000000000e+00,-7.783701324462890625e+01,-8.220537900924682617e-01,2.850000000000000000e+02
-1.000000000000000000e+00,-7.707052612304687500e+01,-9.399120807647705078e-01,2.860000000000000000e+02
-1.000000000000000000e+00,-7.584460449218750000e+01,-8.551058769226074219e-01,2.870000000000000000e+02
-1.000000000000000000e+00,-7.468699645996093750e+01,-6.958253383636474609e-01,2.880000000000000000e+02
-1.000000000000000000e+00,-7.462659454345703125e+01,-6.020274162292480469e-01,2.890000000000000000e+02
-1.000000000000000000e+00,-7.575019073486328125e+01,-6.217269897460937500e-01,2.900000000000000000e+02
-1.000000000000000000e+00,-7.741763305664062500e+01,-6.522136926651000977e-01,2.910000000000000000e+02
-1.000000000000000000e+00,-7.871944427490234375e+01,-6.234177350997924805e-01,2.920000000000000000e+02
-1.000000000000000000e+00,-7.883074951171875000e+01,-7.033178806304931641e-01,2.930000000000000000e+02
-1.000000000000000000e+00,-7.830365753173828125e+01,-8.472580909729003906e-01,2.940000000000000000e+02
-1.000000000000000000e+00,-7.710703277587890625e+01,-9.882265329360961914e-01,2.950000000000000000e+02
-1.000000000000000000e+00,-7.529151153564453125e+01,-8.195574283599853516e-01,2.960000000000000000e+02
-1.000000000000000000e+00,-7.351618194580078125e+01,-5.847754478454589844e-01,2.970000000000000000e+02
-1.000000000000000000e+00,-7.351087188720703125e+01,-4.494558572769165039e-01,2.980000000000000000e+02
-1.000000000000000000e+00,-7.477745056152343750e+01,-4.540503025054931641e-01,2.990000000000000000e+02
-1.000000000000000000e+00,-7.813912200927734375e+01,-6.100046634674072266e-01,3.000000000000000000e+02
-1.000000000000000000e+00,-7.824207305908203125e+01,-5.737746953964233398e-01,3.010000000000000000e+02
-1.000000000000000000e+00,-7.936733245849609375e+01,-6.334942579269409180e-01,3.020000000000000000e+02
-1.000000000000000000e+00,-7.885176086425781250e+01,-7.920941114425659180e-01,3.030000000000000000e+02
-1.000000000000000000e+00,-7.810194396972656250e+01,-9.447481632232666016e-01,3.040000000000000000e+02
-1.000000000000000000e+00,-7.639430236816406250e+01,-1.011957168579101562e+00,3.050000000000000000e+02
-1.000000000000000000e+00,-7.457695770263671875e+01,-7.320557832717895508e-01,3.060000000000000000e+02
-1.000000000000000000e+00,-7.325965881347656250e+01,-5.214385986328125000e-01,3.070000000000000000e+02
-1.000000000000000000e+00,-7.387650299072265625e+01,-4.335294961929321289e-01,3.080000000000000000e+02
-1.000000000000000000e+00,-7.546137237548828125e+01,-4.966275691986083984e-01,3.090000000000000000e+02
-1.000000000000000000e+00,-7.738223266601562500e+01,-5.947749614715576172e-01,3.100000000000000000e+02
-1.000000000000000000e+00,-7.864482116699218750e+01,-5.889714956283569336e-01,3.110000000000000000e+02
-1.000000000000000000e+00,-7.936631011962890625e+01,-6.902290582656860352e-01,3.120000000000000000e+02
-1.000000000000000000e+00,-7.860876464843750000e+01,-8.458577394485473633e-01,3.130000000000000000e+02
-1.000000000000000000e+00,-7.750324249267578125e+01,-9.882036447525024414e-01,3.140000000000000000e+02
-1.000000000000000000e+00,-7.577084350585937500e+01,-9.085794687271118164e-01,3.150000000000000000e+02
-1.000000000000000000e+00,-7.407572937011718750e+01,-6.456366777420043945e-01,3.160000000000000000e+02
-1.000000000000000000e+00,-7.332781219482421875e+01,-4.739247560501098633e-01,3.170000000000000000e+02
-1.000000000000000000e+00,-7.454409027099609375e+01,-4.360811710357666016e-01,3.180000000000000000e+02
-1.000000000000000000e+00,-7.606964111328125000e+01,-5.493810176849365234e-01,3.190000000000000000e+02
-1.000000000000000000e+00,-7.785938262939453125e+01,-5.752551555633544922e-01,3.200000000000000000e+02
-1.000000000000000000e+00,-7.893336486816406250e+01,-6.050375699996948242e-01,3.210000000000000000e+02
-1.000000000000000000e+00,-7.901039123535156250e+01,-7.391095161437988281e-01,3.220000000000000000e+02
-1.000000000000000000e+00,-7.833430480957031250e+01,-8.914778232574462891e-01,3.230000000000000000e+02
-1.000000000000000000e+00,-7.702447509765625000e+01,-1.026141166687011719e+00,3.240000000000000000e+02
-1.000000000000000000e+00,-7.645342254638671875e+01,-8.104356527328491211e-01,3.250000000000000000e+02
-1.000000000000000000e+00,-7.329473876953125000e+01,-5.646219253540039062e-01,3.260000000000000000e+02
-1.000000000000000000e+00,-7.343321990966796875e+01,-4.299898147583007812e-01,3.270000000000000000e+02
-1.000000000000000000e+00,-7.479129028320312500e+01,-4.430327415466308594e-01,3.280000000000000000e+02
-1.000000000000000000e+00,-7.667089080810546875e+01,-6.095378398895263672e-01,3.290000000000000000e+02
-1.000000000000000000e+00,-7.829197692871093750e+01,-5.702432394027709961e-01,3.300000000000000000e+02
-1.000000000000000000e+00,-7.939618682861328125e+01,-6.353170871734619141e-01,3.310000000000000000e+02
-1.000000000000000000e+00,-7.885797119140625000e+01,-7.952070236206054688e-01,3.320000000000000000e+02
-1.000000000000000000e+00,-7.794735717773437500e+01,-9.467494487762451172e-01,3.330000000000000000e+02
-1.000000000000000000e+00,-7.637686157226562500e+01,-1.008847475051879883e+00,3.340000000000000000e+02
-1.000000000000000000e+00,-7.434314727783203125e+01,-7.281103134155273438e-01,3.350000000000000000e+02
-1.000000000000000000e+00,-7.325811004638671875e+01,-5.182434320449829102e-01,3.360000000000000000e+02
-1.000000000000000000e+00,-7.388607025146484375e+01,-4.317743778228759766e-01,3.370000000000000000e+02
-1.000000000000000000e+00,-7.559350585937500000e+01,-4.962971210479736328e-01,3.380000000000000000e+02
-1.000000000000000000e+00,-7.739556884765625000e+01,-5.929986238479614258e-01,3.390000000000000000e+02
-1.000000000000000000e+00,-7.864916229248046875e+01,-5.881793498992919922e-01,3.400000000000000000e+02
-1.000000000000000000e+00,-7.936046600341796875e+01,-6.900143623352050781e-01,3.410000000000000000e+02
-1.000000000000000000e+00,-8.011610412597656250e+01,-8.452742099761962891e-01,3.420000000000000000e+02
-1.000000000000000000e+00,-7.748525238037109375e+01,-9.871326684951782227e-01,3.430000000000000000e+02
-1.000000000000000000e+00,-7.564491271972656250e+01,-9.026752710342407227e-01,3.440000000000000000e+02
-1.000000000000000000e+00,-7.379811859130859375e+01,-6.411200761795043945e-01,3.450000000000000000e+02
-1.000000000000000000e+00,-7.333615875244140625e+01,-4.713348150253295898e-01,3.460000000000000000e+02
-1.000000000000000000e+00,-7.434869384765625000e+01,-4.357343912124633789e-01,3.470000000000000000e+02
-1.000000000000000000e+00,-7.609625244140625000e+01,-5.511199235916137695e-01,3.480000000000000000e+02
-1.000000000000000000e+00,-7.788264465332031250e+01,-5.735962390899658203e-01,3.490000000000000000e+02
-1.000000000000000000e+00,-7.894393157958984375e+01,-6.048561334609985352e-01,3.500000000000000000e+02
-1.000000000000000000e+00,-8.052210235595703125e+01,-7.401961088180541992e-01,3.510000000000000000e+02
-1.000000000000000000e+00,-7.831882476806640625e+01,-8.923039436340332031e-01,3.520000000000000000e+02
-1.000000000000000000e+00,-7.699811553955078125e+01,-1.026508808135986328e+00,3.530000000000000000e+02
-1.000000000000000000e+00,-7.507499694824218750e+01,-8.047052621841430664e-01,3.540000000000000000e+02
-1.000000000000000000e+00,-7.329053497314453125e+01,-5.605304241180419922e-01,3.550000000000000000e+02
-1.000000000000000000e+00,-2.824399108886718750e+02,-4.281704425811767578e-01,3.560000000000000000e+02
-1.000000000000000000e+00,-7.483283996582031250e+01,-4.438151121139526367e-01,3.570000000000000000e+02
-1.000000000000000000e+00,-7.671516418457031250e+01,-6.127076148986816406e-01,3.580000000000000000e+02
-1.000000000000000000e+00,-7.831411743164062500e+01,-5.688512325286865234e-01,3.590000000000000000e+02
-1.000000000000000000e+00,-7.939299011230468750e+01,-6.362355947494506836e-01,3.600000000000000000e+02
-1.000000000000000000e+00,-7.884219360351562500e+01,-7.957170009613037109e-01,3.610000000000000000e+02
-1.000000000000000000e+00,-7.806318664550781250e+01,-9.464691877365112305e-01,3.620000000000000000e+02
-1.000000000000000000e+00,-7.633211517333984375e+01,-9.990569353103637695e-01,3.630000000000000000e+02
-1.000000000000000000e+00,-7.430917358398437500e+01,-7.199841737747192383e-01,3.640000000000000000e+02
-1.000000000000000000e+00,-7.326166534423828125e+01,-5.128784179687500000e-01,3.650000000000000000e+02
-1.000000000000000000e+00,-7.391377258300781250e+01,-4.295415878295898438e-01,3.660000000000000000e+02
-1.000000000000000000e+00,-7.551374053955078125e+01,-4.969899654388427734e-01,3.670000000000000000e+02
-1.000000000000000000e+00,-7.743504333496093750e+01,-5.892852544784545898e-01,3.680000000000000000e+02
-1.000000000000000000e+00,-7.866760253906250000e+01,-5.870032310485839844e-01,3.690000000000000000e+02
-1.000000000000000000e+00,-7.905208587646484375e+01,-6.910011768341064453e-01,3.700000000000000000e+02
-1.000000000000000000e+00,-7.857939910888671875e+01,-8.459794521331787109e-01,3.710000000000000000e+02
-1.000000000000000000e+00,-7.754104614257812500e+01,-9.872549772262573242e-01,3.720000000000000000e+02
-1.000000000000000000e+00,-7.559747314453125000e+01,-8.939056396484375000e-01,3.730000000000000000e+02
-1.000000000000000000e+00,-7.376214599609375000e+01,-6.337287425994873047e-01,3.740000000000000000e+02
-1.000000000000000000e+00,-7.334098815917968750e+01,-4.664672613143920898e-01,3.750000000000000000e+02
-1.000000000000000000e+00,-7.437715148925781250e+01,-4.340542554855346680e-01,3.760000000000000000e+02
-1.000000000000000000e+00,-7.619013214111328125e+01,-5.526090860366821289e-01,3.770000000000000000e+02
-1.000000000000000000e+00,-7.805758666992187500e+01,-5.706202983856201172e-01,3.780000000000000000e+02
-1.000000000000000000e+00,-8.047834777832031250e+01,-6.042174100875854492e-01,3.790000000000000000e+02
-1.000000000000000000e+00,-7.900187683105468750e+01,-7.417109012603759766e-01,3.800000000000000000e+02
-1.000000000000000000e+00,-7.849511718750000000e+01,-8.936221599578857422e-01,3.810000000000000000e+02
-1.000000000000000000e+00,-7.696585083007812500e+01,-1.027285099029541016e+00,3.820000000000000000e+02
-1.000000000000000000e+00,-7.639187622070312500e+01,-7.975370883941650391e-01,3.830000000000000000e+02
