reward,timestep
1.114999968558549881e-02,0.000000000000000000e+00
1.070135738700628281e-02,1.000000000000000000e+00
9.946217760443687439e-03,2.000000000000000000e+00
5.824773106724023819e-03,3.000000000000000000e+00
6.343361455947160721e-03,4.000000000000000000e+00
1.027471385896205902e-02,5.000000000000000000e+00
9.552117437124252319e-03,6.000000000000000000e+00
8.383736014366149902e-03,7.000000000000000000e+00
4.850079305469989777e-03,8.000000000000000000e+00
5.351435393095016479e-03,9.000000000000000000e+00
8.388536050915718079e-03,1.000000000000000000e+01
1.021384354680776596e-02,1.100000000000000000e+01
1.183502934873104095e-02,1.200000000000000000e+01
1.247226074337959290e-02,1.300000000000000000e+01
1.284566801041364670e-02,1.400000000000000000e+01
1.329468283802270889e-02,1.500000000000000000e+01
1.337648648768663406e-02,1.600000000000000000e+01
1.286478526890277863e-02,1.700000000000000000e+01
1.257961243391036987e-02,1.800000000000000000e+01
1.328439172357320786e-02,1.900000000000000000e+01
1.416076812893152237e-02,2.000000000000000000e+01
1.411024015396833420e-02,2.100000000000000000e+01
1.356278825551271439e-02,2.200000000000000000e+01
1.370448246598243713e-02,2.300000000000000000e+01
1.408322155475616455e-02,2.400000000000000000e+01
1.354895159602165222e-02,2.500000000000000000e+01
1.289007160812616348e-02,2.600000000000000000e+01
1.429007388651371002e-02,2.700000000000000000e+01
1.734375208616256714e-02,2.800000000000000000e+01
1.868305541574954987e-02,2.900000000000000000e+01
1.707367226481437683e-02,3.000000000000000000e+01
1.555547211319208145e-02,3.100000000000000000e+01
1.611993089318275452e-02,3.200000000000000000e+01
1.614056527614593506e-02,3.300000000000000000e+01
1.622111536562442780e-02,3.400000000000000000e+01
1.628902927041053772e-02,3.500000000000000000e+01
1.794326677918434143e-02,3.600000000000000000e+01
2.107163146138191223e-02,3.700000000000000000e+01
2.307314611971378326e-02,3.800000000000000000e+01
2.320524305105209351e-02,3.900000000000000000e+01
2.414423227310180664e-02,4.000000000000000000e+01
2.695200592279434204e-02,4.100000000000000000e+01
2.873728051781654358e-02,4.200000000000000000e+01
2.817767299711704254e-02,4.300000000000000000e+01
2.877159230411052704e-02,4.400000000000000000e+01
3.287713974714279175e-02,4.500000000000000000e+01
3.662937134504318237e-02,4.600000000000000000e+01
3.643137961626052856e-02,4.700000000000000000e+01
3.588913381099700928e-02,4.800000000000000000e+01
3.885035589337348938e-02,4.900000000000000000e+01
4.198364168405532837e-02,5.000000000000000000e+01
4.132166132330894470e-02,5.100000000000000000e+01
4.042774438858032227e-02,5.200000000000000000e+01
4.419549182057380676e-02,5.300000000000000000e+01
4.904139786958694458e-02,5.400000000000000000e+01
4.939632117748260498e-02,5.500000000000000000e+01
4.787249490618705750e-02,5.600000000000000000e+01
5.002209171652793884e-02,5.700000000000000000e+01
5.341447889804840088e-02,5.800000000000000000e+01
5.337821319699287415e-02,5.900000000000000000e+01
5.244589596986770630e-02,6.000000000000000000e+01
5.447898432612419128e-02,6.100000000000000000e+01
5.599223077297210693e-02,6.200000000000000000e+01
5.800661817193031311e-02,6.300000000000000000e+01
6.048962846398353577e-02,6.400000000000000000e+01
6.167457997798919678e-02,6.500000000000000000e+01
6.155788898468017578e-02,6.600000000000000000e+01
6.272320449352264404e-02,6.700000000000000000e+01
6.449586898088455200e-02,6.800000000000000000e+01
6.559834629297256470e-02,6.900000000000000000e+01
6.542242318391799927e-02,7.000000000000000000e+01
6.483851373195648193e-02,7.100000000000000000e+01
6.524176150560379028e-02,7.200000000000000000e+01
6.617227196693420410e-02,7.300000000000000000e+01
6.671730428934097290e-02,7.400000000000000000e+01
6.683428585529327393e-02,7.500000000000000000e+01
6.711838394403457642e-02,7.600000000000000000e+01
6.840419024229049683e-02,7.700000000000000000e+01
7.026650011539459229e-02,7.800000000000000000e+01
7.066934555768966675e-02,7.900000000000000000e+01
6.786883622407913208e-02,8.000000000000000000e+01
6.728797405958175659e-02,8.100000000000000000e+01
7.031735777854919434e-02,8.200000000000000000e+01
7.170340418815612793e-02,8.300000000000000000e+01
7.106586545705795288e-02,8.400000000000000000e+01
7.113181799650192261e-02,8.500000000000000000e+01
7.231210917234420776e-02,8.600000000000000000e+01
7.344322651624679565e-02,8.700000000000000000e+01
7.430639863014221191e-02,8.800000000000000000e+01
8.006285130977630615e-02,8.900000000000000000e+01
8.087278902530670166e-02,9.000000000000000000e+01
8.203760534524917603e-02,9.100000000000000000e+01
8.307303488254547119e-02,9.200000000000000000e+01
8.422463387250900269e-02,9.300000000000000000e+01
8.556427806615829468e-02,9.400000000000000000e+01
8.654330670833587646e-02,9.500000000000000000e+01
8.802507817745208740e-02,9.600000000000000000e+01
8.948845416307449341e-02,9.700000000000000000e+01
9.076821058988571167e-02,9.800000000000000000e+01
9.182758629322052002e-02,9.900000000000000000e+01
9.266246110200881958e-02,1.000000000000000000e+02
9.327493607997894287e-02,1.010000000000000000e+02
9.366317838430404663e-02,1.020000000000000000e+02
9.382931888103485107e-02,1.030000000000000000e+02
9.262020885944366455e-02,1.040000000000000000e+02
9.350013732910156250e-02,1.050000000000000000e+02
9.304493665695190430e-02,1.060000000000000000e+02
9.231863915920257568e-02,1.070000000000000000e+02
9.140592068433761597e-02,1.080000000000000000e+02
8.862237632274627686e-02,1.090000000000000000e+02
8.419325947761535645e-02,1.100000000000000000e+02
8.343934267759323120e-02,1.110000000000000000e+02
8.299846947193145752e-02,1.120000000000000000e+02
8.064288645982742310e-02,1.130000000000000000e+02
7.795710116624832153e-02,1.140000000000000000e+02
7.594326138496398926e-02,1.150000000000000000e+02
7.421039789915084839e-02,1.160000000000000000e+02
7.258543372154235840e-02,1.170000000000000000e+02
7.116613537073135376e-02,1.180000000000000000e+02
6.979407370090484619e-02,1.190000000000000000e+02
6.829723715782165527e-02,1.200000000000000000e+02
6.673543900251388550e-02,1.210000000000000000e+02
6.521537899971008301e-02,1.220000000000000000e+02
6.377185136079788208e-02,1.230000000000000000e+02
6.240189447999000549e-02,1.240000000000000000e+02
6.108493730425834656e-02,1.250000000000000000e+02
5.980341881513595581e-02,1.260000000000000000e+02
5.853233858942985535e-02,1.270000000000000000e+02
5.727180838584899902e-02,1.280000000000000000e+02
5.603310093283653259e-02,1.290000000000000000e+02
5.482316389679908752e-02,1.300000000000000000e+02
5.365040153264999390e-02,1.310000000000000000e+02
5.250562354922294617e-02,1.320000000000000000e+02
5.140009894967079163e-02,1.330000000000000000e+02
5.032850801944732666e-02,1.340000000000000000e+02
4.928428307175636292e-02,1.350000000000000000e+02
4.826648160815238953e-02,1.360000000000000000e+02
4.726332426071166992e-02,1.370000000000000000e+02
4.628391936421394348e-02,1.380000000000000000e+02
4.532767087221145630e-02,1.390000000000000000e+02
4.437367990612983704e-02,1.400000000000000000e+02
4.345320165157318115e-02,1.410000000000000000e+02
4.255357757210731506e-02,1.420000000000000000e+02
4.165360331535339355e-02,1.430000000000000000e+02
4.078601673245429993e-02,1.440000000000000000e+02
3.993583470582962036e-02,1.450000000000000000e+02
3.910224512219429016e-02,1.460000000000000000e+02
3.828486800193786621e-02,1.470000000000000000e+02
3.748351708054542542e-02,1.480000000000000000e+02
3.669825568795204163e-02,1.490000000000000000e+02
3.592957928776741028e-02,1.500000000000000000e+02
3.519323840737342834e-02,1.510000000000000000e+02
3.444990888237953186e-02,1.520000000000000000e+02
3.372570499777793884e-02,1.530000000000000000e+02
3.303108736872673035e-02,1.540000000000000000e+02
3.235622122883796692e-02,1.550000000000000000e+02
3.166528791189193726e-02,1.560000000000000000e+02
3.101363405585289001e-02,1.570000000000000000e+02
3.037593327462673187e-02,1.580000000000000000e+02
2.975043840706348419e-02,1.590000000000000000e+02
2.913606725633144379e-02,1.600000000000000000e+02
2.853242866694927216e-02,1.610000000000000000e+02
2.793991193175315857e-02,1.620000000000000000e+02
2.735984884202480316e-02,1.630000000000000000e+02
2.679462917149066925e-02,1.640000000000000000e+02
2.626160904765129089e-02,1.650000000000000000e+02
2.571517974138259888e-02,1.660000000000000000e+02
2.520347386598587036e-02,1.670000000000000000e+02
2.470580115914344788e-02,1.680000000000000000e+02
2.418709173798561096e-02,1.690000000000000000e+02
2.370520681142807007e-02,1.700000000000000000e+02
2.323355711996555328e-02,1.710000000000000000e+02
2.277202159166336060e-02,1.720000000000000000e+02
2.234903909265995026e-02,1.730000000000000000e+02
2.189686894416809082e-02,1.740000000000000000e+02
2.145823091268539429e-02,1.750000000000000000e+02
2.105962485074996948e-02,1.760000000000000000e+02
2.063554339110851288e-02,1.770000000000000000e+02
2.024923823773860931e-02,1.780000000000000000e+02
1.987244188785552979e-02,1.790000000000000000e+02
1.950213313102722168e-02,1.800000000000000000e+02
1.913698762655258179e-02,1.810000000000000000e+02
1.877765916287899017e-02,1.820000000000000000e+02
1.842699758708477020e-02,1.830000000000000000e+02
1.812254078686237335e-02,1.840000000000000000e+02
1.777529343962669373e-02,1.850000000000000000e+02
1.748110540211200714e-02,1.860000000000000000e+02
1.715061813592910767e-02,1.870000000000000000e+02
1.686166785657405853e-02,1.880000000000000000e+02
1.657942868769168854e-02,1.890000000000000000e+02
1.628396660089492798e-02,1.900000000000000000e+02
1.600329764187335968e-02,1.910000000000000000e+02
1.570677198469638824e-02,1.920000000000000000e+02
1.542910933494567871e-02,1.930000000000000000e+02
1.516765914857387543e-02,1.940000000000000000e+02
1.492376253008842468e-02,1.950000000000000000e+02
1.468992419540882111e-02,1.960000000000000000e+02
1.444135885685682297e-02,1.970000000000000000e+02
1.400948595255613327e-02,1.980000000000000000e+02
1.341902278363704681e-02,1.990000000000000000e+02
1.282000727951526642e-02,2.000000000000000000e+02
1.229384727776050568e-02,2.010000000000000000e+02
1.181076467037200928e-02,2.020000000000000000e+02
1.137982495129108429e-02,2.030000000000000000e+02
1.099502481520175934e-02,2.040000000000000000e+02
1.063410472124814987e-02,2.050000000000000000e+02
1.030004303902387619e-02,2.060000000000000000e+02
9.992719627916812897e-03,2.070000000000000000e+02
9.707531891763210297e-03,2.080000000000000000e+02
9.441183879971504211e-03,2.090000000000000000e+02
9.191600605845451355e-03,2.100000000000000000e+02
8.956009522080421448e-03,2.110000000000000000e+02
8.718295954167842865e-03,2.120000000000000000e+02
8.493382483720779419e-03,2.130000000000000000e+02
8.283446542918682098e-03,2.140000000000000000e+02
8.090907707810401917e-03,2.150000000000000000e+02
7.893933914601802826e-03,2.160000000000000000e+02
7.701875176280736923e-03,2.170000000000000000e+02
7.528785616159439087e-03,2.180000000000000000e+02
7.353366352617740631e-03,2.190000000000000000e+02
7.174326572567224503e-03,2.200000000000000000e+02
7.018305361270904541e-03,2.210000000000000000e+02
6.846414878964424133e-03,2.220000000000000000e+02
6.688490975648164749e-03,2.230000000000000000e+02
6.546129006892442703e-03,2.240000000000000000e+02
6.387744564563035965e-03,2.250000000000000000e+02
6.245521828532218933e-03,2.260000000000000000e+02
6.105699576437473297e-03,2.270000000000000000e+02
5.967176984995603561e-03,2.280000000000000000e+02
5.829849280416965485e-03,2.290000000000000000e+02
5.694686435163021088e-03,2.300000000000000000e+02
5.563417449593544006e-03,2.310000000000000000e+02
5.437742453068494797e-03,2.320000000000000000e+02
5.318184383213520050e-03,2.330000000000000000e+02
5.203425418585538864e-03,2.340000000000000000e+02
5.090898368507623672e-03,2.350000000000000000e+02
4.978224169462919235e-03,2.360000000000000000e+02
4.864350892603397369e-03,2.370000000000000000e+02
4.749909043312072754e-03,2.380000000000000000e+02
4.637117963284254074e-03,2.390000000000000000e+02
4.529256839305162430e-03,2.400000000000000000e+02
4.429025109857320786e-03,2.410000000000000000e+02
4.336309153586626053e-03,2.420000000000000000e+02
4.247664473950862885e-03,2.430000000000000000e+02
4.158456344157457352e-03,2.440000000000000000e+02
4.065662156790494919e-03,2.450000000000000000e+02
3.968825563788414001e-03,2.460000000000000000e+02
3.869824809953570366e-03,2.470000000000000000e+02
3.773042000830173492e-03,2.480000000000000000e+02
3.684548661112785339e-03,2.490000000000000000e+02
3.608159953728318214e-03,2.500000000000000000e+02
3.541196696460247040e-03,2.510000000000000000e+02
3.475670237094163895e-03,2.520000000000000000e+02
3.404394024983048439e-03,2.530000000000000000e+02
3.324870252981781960e-03,2.540000000000000000e+02
3.237969009205698967e-03,2.550000000000000000e+02
3.147226758301258087e-03,2.560000000000000000e+02
3.061282215639948845e-03,2.570000000000000000e+02
2.991725225001573563e-03,2.580000000000000000e+02
2.942491322755813599e-03,2.590000000000000000e+02
2.903023269027471542e-03,2.600000000000000000e+02
2.857156097888946533e-03,2.610000000000000000e+02
2.797137480229139328e-03,2.620000000000000000e+02
2.723973011597990990e-03,2.630000000000000000e+02
2.639034064486622810e-03,2.640000000000000000e+02
2.547460142523050308e-03,2.650000000000000000e+02
2.468479797244071960e-03,2.660000000000000000e+02
2.424747915938496590e-03,2.670000000000000000e+02
2.413740614429116249e-03,2.680000000000000000e+02
2.404062077403068542e-03,2.690000000000000000e+02
2.369751222431659698e-03,2.700000000000000000e+02
2.312733558937907219e-03,2.710000000000000000e+02
2.240334171801805496e-03,2.720000000000000000e+02
2.145792823284864426e-03,2.730000000000000000e+02
2.038200153037905693e-03,2.740000000000000000e+02
1.967785879969596863e-03,2.750000000000000000e+02
1.975091639906167984e-03,2.760000000000000000e+02
2.024059882387518883e-03,2.770000000000000000e+02
2.037406899034976959e-03,2.780000000000000000e+02
1.995926490053534508e-03,2.790000000000000000e+02
1.939420937560498714e-03,2.800000000000000000e+02
1.867918414063751698e-03,2.810000000000000000e+02
1.736629405058920383e-03,2.820000000000000000e+02
1.583851291798055172e-03,2.830000000000000000e+02
1.548953820019960403e-03,2.840000000000000000e+02
1.676549902185797691e-03,2.850000000000000000e+02
1.809524372220039368e-03,2.860000000000000000e+02
1.801249454729259014e-03,2.870000000000000000e+02
1.726509653963148594e-03,2.880000000000000000e+02
1.706306240521371365e-03,2.890000000000000000e+02
1.639509806409478188e-03,2.900000000000000000e+02
1.385216251946985722e-03,2.910000000000000000e+02
1.143795670941472054e-03,2.920000000000000000e+02
1.270098378881812096e-03,2.930000000000000000e+02
1.673422404564917088e-03,2.940000000000000000e+02
1.853337278589606285e-03,2.950000000000000000e+02
1.682237721979618073e-03,2.960000000000000000e+02
1.607878715731203556e-03,2.970000000000000000e+02
1.785960281267762184e-03,2.980000000000000000e+02
1.665343530476093292e-03,2.990000000000000000e+02
1.024034922011196613e-03,3.000000000000000000e+02
7.194678764790296555e-04,3.010000000000000000e+02
1.449666451662778854e-03,3.020000000000000000e+02
2.370689064264297485e-03,3.030000000000000000e+02
2.260282635688781738e-03,3.040000000000000000e+02
1.655007246881723404e-03,3.050000000000000000e+02
1.982847228646278381e-03,3.060000000000000000e+02
2.783804899081587791e-03,3.070000000000000000e+02
2.143855905160307884e-03,3.080000000000000000e+02
4.967665299773216248e-04,3.090000000000000000e+02
6.700473604723811150e-04,3.100000000000000000e+02
3.270121291279792786e-03,3.110000000000000000e+02
4.672101698815822601e-03,3.120000000000000000e+02
3.003932069987058640e-03,3.130000000000000000e+02
1.935674925334751606e-03,3.140000000000000000e+02
4.417334217578172684e-03,3.150000000000000000e+02
5.412753671407699585e-03,3.160000000000000000e+02
3.769274568185210228e-03,3.170000000000000000e+02
7.284036255441606045e-04,3.180000000000000000e+02
2.701817080378532410e-03,3.190000000000000000e+02
5.813070107251405716e-03,3.200000000000000000e+02
6.767608225345611572e-03,3.210000000000000000e+02
4.729748703539371490e-03,3.220000000000000000e+02
2.292114077135920525e-03,3.230000000000000000e+02
6.162222940474748611e-03,3.240000000000000000e+02
5.466410890221595764e-03,3.250000000000000000e+02
6.031064782291650772e-03,3.260000000000000000e+02
2.597575075924396515e-03,3.270000000000000000e+02
2.045309171080589294e-03,3.280000000000000000e+02
5.519891623407602310e-03,3.290000000000000000e+02
6.534365937113761902e-03,3.300000000000000000e+02
7.288957014679908752e-03,3.310000000000000000e+02
2.978130709379911423e-03,3.320000000000000000e+02
3.958149813115596771e-03,3.330000000000000000e+02
5.842005368322134018e-03,3.340000000000000000e+02
5.965149030089378357e-03,3.350000000000000000e+02
6.528066471219062805e-03,3.360000000000000000e+02
1.707761315628886223e-03,3.370000000000000000e+02
4.339870065450668335e-03,3.380000000000000000e+02
5.974228493869304657e-03,3.390000000000000000e+02
6.873021833598613739e-03,3.400000000000000000e+02
6.713039707392454147e-03,3.410000000000000000e+02
2.213444327935576439e-03,3.420000000000000000e+02
6.103497464209794998e-03,3.430000000000000000e+02
5.892913322895765305e-03,3.440000000000000000e+02
6.366910412907600403e-03,3.450000000000000000e+02
4.815949592739343643e-03,3.460000000000000000e+02
1.584399258717894554e-03,3.470000000000000000e+02
5.718888249248266220e-03,3.480000000000000000e+02
6.199216004461050034e-03,3.490000000000000000e+02
6.978728342801332474e-03,3.500000000000000000e+02
4.255120642483234406e-03,3.510000000000000000e+02
2.388316439464688301e-03,3.520000000000000000e+02
5.987740587443113327e-03,3.530000000000000000e+02
5.983004812151193619e-03,3.540000000000000000e+02
6.573234684765338898e-03,3.550000000000000000e+02
2.919052494689822197e-03,3.560000000000000000e+02
2.514314837753772736e-03,3.570000000000000000e+02
5.754743237048387527e-03,3.580000000000000000e+02
6.427710875868797302e-03,3.590000000000000000e+02
7.066754624247550964e-03,3.600000000000000000e+02
2.691662404686212540e-03,3.610000000000000000e+02
3.804235253483057022e-03,3.620000000000000000e+02
5.870236083865165710e-03,3.630000000000000000e+02
6.234219297766685486e-03,3.640000000000000000e+02
6.752739660441875458e-03,3.650000000000000000e+02
1.879356103017926216e-03,3.660000000000000000e+02
4.663285333663225174e-03,3.670000000000000000e+02
5.971322301775217056e-03,3.680000000000000000e+02
6.712334230542182922e-03,3.690000000000000000e+02
6.396801676601171494e-03,3.700000000000000000e+02
1.992859411984682083e-03,3.710000000000000000e+02
6.034521386027336121e-03,3.720000000000000000e+02
5.968431010842323303e-03,3.730000000000000000e+02
6.563569419085979462e-03,3.740000000000000000e+02
4.824702627956867218e-03,3.750000000000000000e+02
1.787509070709347725e-03,3.760000000000000000e+02
5.849245004355907440e-03,3.770000000000000000e+02
6.112002767622470856e-03,3.780000000000000000e+02
6.815375294536352158e-03,3.790000000000000000e+02
3.928721882402896881e-03,3.800000000000000000e+02
2.285177586600184441e-03,3.810000000000000000e+02
5.872742738574743271e-03,3.820000000000000000e+02
6.110681686550378799e-03,3.830000000000000000e+02
